Project Name,Package Name,Type Name,Code Smell
jEdit,com.ultramixer.jarbundler,AppBundleProperties,Insufficient Modularization
jEdit,com.ultramixer.jarbundler,DocumentType,Deficient Encapsulation
jEdit,com.ultramixer.jarbundler,JarBundler,Unutilized Abstraction
jEdit,com.ultramixer.jarbundler,JarBundler,Insufficient Modularization
jEdit,de.masters_of_disaster.ant.tasks.ar,Ar,Deficient Encapsulation
jEdit,de.masters_of_disaster.ant.tasks.ar,Ar,Insufficient Modularization
jEdit,de.masters_of_disaster.ant.tasks.ar,ArLongFileMode,Multifaceted Abstraction
jEdit,de.masters_of_disaster.ant.tasks.ar,ArLongFileMode,Deficient Encapsulation
jEdit,de.masters_of_disaster.ant.tasks.ar,ArConstants,Broken Modularization
jEdit,de.masters_of_disaster.ant.tasks.ar,ArEntry,Deficient Encapsulation
jEdit,de.masters_of_disaster.ant.tasks.ar,ArEntry,Broken Hierarchy
jEdit,de.masters_of_disaster.ant.tasks.ar,ArEntry,Insufficient Modularization
jEdit,de.masters_of_disaster.ant.tasks.ar,ArOutputStream,Deficient Encapsulation
jEdit,de.masters_of_disaster.ant.tasks.calculatesize,CalculateSize,Unutilized Abstraction
jEdit,de.masters_of_disaster.ant.tasks.deb,Deb,Unutilized Abstraction
jEdit,doclet,GenerateTocXML,Deficient Encapsulation
jEdit,installer,BZip2Constants,Unutilized Abstraction
jEdit,installer,BZip2Constants,Broken Modularization
jEdit,installer,CBZip2InputStream,Unutilized Abstraction
jEdit,installer,CBZip2InputStream,Broken Hierarchy
jEdit,installer,CBZip2InputStream,Insufficient Modularization
jEdit,installer,CBZip2OutputStream,Unutilized Abstraction
jEdit,installer,CBZip2OutputStream,Broken Hierarchy
jEdit,installer,CBZip2OutputStream,Insufficient Modularization
jEdit,installer,StackElem,Unnecessary Abstraction
jEdit,installer,StackElem,Unutilized Abstraction
jEdit,installer,ConsoleInstall,Unutilized Abstraction
jEdit,installer,CRC,Unutilized Abstraction
jEdit,installer,Install,Cyclic-Dependent Modularization
jEdit,installer,InvalidHeaderException,Unutilized Abstraction
jEdit,installer,NonInteractiveInstall,Unutilized Abstraction
jEdit,installer,OperatingSystem,Cyclic-Dependent Modularization
jEdit,installer,OperatingSystem,Insufficient Modularization
jEdit,installer,Unix,Unutilized Abstraction
jEdit,installer,ScriptOSTask,Unutilized Abstraction
jEdit,installer,ManPageOSTask,Unutilized Abstraction
jEdit,installer,MacOS,Unutilized Abstraction
jEdit,installer,Windows,Unutilized Abstraction
jEdit,installer,JEditLauncherOSTask,Unutilized Abstraction
jEdit,installer,HalfAnOS,Unutilized Abstraction
jEdit,installer,VMS,Unutilized Abstraction
jEdit,installer,SwingInstall,Cyclic-Dependent Modularization
jEdit,installer,SwingInstall,Insufficient Modularization
jEdit,installer,ActionHandler,Unutilized Abstraction
jEdit,installer,WindowHandler,Unutilized Abstraction
jEdit,installer,WizardLayout,Unutilized Abstraction
jEdit,installer,DirVerifier,Unutilized Abstraction
jEdit,installer,ChooseDirectory,Cyclic-Dependent Modularization
jEdit,installer,ActionHandler,Unutilized Abstraction
jEdit,installer,TarBuffer,Deficient Encapsulation
jEdit,installer,TarEntry,Insufficient Modularization
jEdit,installer,TarHeader,Deficient Encapsulation
jEdit,installer,TarInputStream,Insufficient Modularization
jEdit,installer,EntryAdapter,Unutilized Abstraction
jEdit,installer,TarOutputStream,Unutilized Abstraction
jEdit,org.gjt.sp.jedit,Abbrevs,Deficient Encapsulation
jEdit,org.gjt.sp.jedit,Abbrevs,Cyclic-Dependent Modularization
jEdit,org.gjt.sp.jedit,AbstractOptionPane,Wide Hierarchy
jEdit,org.gjt.sp.jedit,ActionListHandler,Unutilized Abstraction
jEdit,org.gjt.sp.jedit,ActionSet,Cyclic-Dependent Modularization
jEdit,org.gjt.sp.jedit,Autosave,Cyclic-Dependent Modularization
jEdit,org.gjt.sp.jedit,BeanShell,Cyclic-Dependent Modularization
jEdit,org.gjt.sp.jedit,MyBeanShellFacade,Unutilized Abstraction
jEdit,org.gjt.sp.jedit,BeanShellAction,Unutilized Abstraction
jEdit,org.gjt.sp.jedit,BeanShellFacade,Cyclic-Dependent Modularization
jEdit,org.gjt.sp.jedit,Buffer,Deficient Encapsulation
jEdit,org.gjt.sp.jedit,Buffer,Cyclic-Dependent Modularization
jEdit,org.gjt.sp.jedit,Buffer,Insufficient Modularization
jEdit,org.gjt.sp.jedit,Buffer,Hub-like Modularization
jEdit,org.gjt.sp.jedit,BufferHistory,Deficient Encapsulation
jEdit,org.gjt.sp.jedit,BufferHistory,Cyclic-Dependent Modularization
jEdit,org.gjt.sp.jedit,Entry,Deficient Encapsulation
jEdit,org.gjt.sp.jedit,Entry,Cyclic-Dependent Modularization
jEdit,org.gjt.sp.jedit,RecentHandler,Deficient Encapsulation
jEdit,org.gjt.sp.jedit,Debug,Deficient Encapsulation
jEdit,org.gjt.sp.jedit,EBComponent,Cyclic-Dependent Modularization
jEdit,org.gjt.sp.jedit,EBMessage,Wide Hierarchy
jEdit,org.gjt.sp.jedit,EBMessage,Cyclic-Dependent Modularization
jEdit,org.gjt.sp.jedit,EBPlugin,Unutilized Abstraction
jEdit,org.gjt.sp.jedit,EBPlugin,Broken Hierarchy
jEdit,org.gjt.sp.jedit,EditAction,Cyclic-Dependent Modularization
jEdit,org.gjt.sp.jedit,Wrapper,Unutilized Abstraction
jEdit,org.gjt.sp.jedit,SendMessage,Unutilized Abstraction
jEdit,org.gjt.sp.jedit,EditPane,Deficient Encapsulation
jEdit,org.gjt.sp.jedit,EditPane,Cyclic-Dependent Modularization
jEdit,org.gjt.sp.jedit,EditPane,Insufficient Modularization
jEdit,org.gjt.sp.jedit,EditPane,Hub-like Modularization
jEdit,org.gjt.sp.jedit,CaretInfo,Deficient Encapsulation
jEdit,org.gjt.sp.jedit,CaretInfo,Broken Modularization
jEdit,org.gjt.sp.jedit,StatusHandler,Unutilized Abstraction
jEdit,org.gjt.sp.jedit,MarkerHighlight,Unutilized Abstraction
jEdit,org.gjt.sp.jedit,EditPlugin,Cyclic-Dependent Modularization
jEdit,org.gjt.sp.jedit,Broken,Unutilized Abstraction
jEdit,org.gjt.sp.jedit,Deferred,Unutilized Abstraction
jEdit,org.gjt.sp.jedit,EditServer,Cyclic-Dependent Modularization
jEdit,org.gjt.sp.jedit,GUIUtilities,Cyclic-Dependent Modularization
jEdit,org.gjt.sp.jedit,GUIUtilities,Insufficient Modularization
jEdit,org.gjt.sp.jedit,GUIUtilities,Hub-like Modularization
jEdit,org.gjt.sp.jedit,UnixWorkaround,Unutilized Abstraction
jEdit,org.gjt.sp.jedit,ComponentHandler,Unutilized Abstraction
jEdit,org.gjt.sp.jedit,WindowHandler,Unutilized Abstraction
jEdit,org.gjt.sp.jedit,SizeSaver,Cyclic-Dependent Modularization
jEdit,org.gjt.sp.jedit,JARClassLoader,Cyclic-Dependent Modularization
jEdit,org.gjt.sp.jedit,SingleElementEnumeration,Unutilized Abstraction
jEdit,org.gjt.sp.jedit,jEdit,Missing Hierarchy
jEdit,org.gjt.sp.jedit,jEdit,Cyclic-Dependent Modularization
jEdit,org.gjt.sp.jedit,jEdit,Insufficient Modularization
jEdit,org.gjt.sp.jedit,jEdit,Hub-like Modularization
jEdit,org.gjt.sp.jedit,FirewallAuthenticator,Unutilized Abstraction
jEdit,org.gjt.sp.jedit,MyFocusManager,Unutilized Abstraction
jEdit,org.gjt.sp.jedit,MyFocusManager,Missing Hierarchy
jEdit,org.gjt.sp.jedit,JEditPropertyManager,Cyclic-Dependent Modularization
jEdit,org.gjt.sp.jedit,DockingLayoutSetter,Unutilized Abstraction
jEdit,org.gjt.sp.jedit,JEditActionSet,Broken Hierarchy
jEdit,org.gjt.sp.jedit,JEditBeanShellAction,Cyclic-Dependent Modularization
jEdit,org.gjt.sp.jedit,MyBeanShellFacade,Unutilized Abstraction
jEdit,org.gjt.sp.jedit,JEditKillRing,Unutilized Abstraction
jEdit,org.gjt.sp.jedit,JEditKillRing,Deficient Encapsulation
jEdit,org.gjt.sp.jedit,KillRingHandler,Deficient Encapsulation
jEdit,org.gjt.sp.jedit,JEditMode,Unutilized Abstraction
jEdit,org.gjt.sp.jedit,JEditRegisterSaver,Unutilized Abstraction
jEdit,org.gjt.sp.jedit,JEditRegistersListener,Unutilized Abstraction
jEdit,org.gjt.sp.jedit,Macros,Cyclic-Dependent Modularization
jEdit,org.gjt.sp.jedit,Macros,Insufficient Modularization
jEdit,org.gjt.sp.jedit,Macro,Cyclic-Dependent Modularization
jEdit,org.gjt.sp.jedit,Recorder,Cyclic-Dependent Modularization
jEdit,org.gjt.sp.jedit,Handler,Cyclic-Dependent Modularization
jEdit,org.gjt.sp.jedit,BeanShellHandler,Unutilized Abstraction
jEdit,org.gjt.sp.jedit,Marker,Cyclic-Dependent Modularization
jEdit,org.gjt.sp.jedit,MiscUtilities,Cyclic-Dependent Modularization
jEdit,org.gjt.sp.jedit,MiscUtilities,Insufficient Modularization
jEdit,org.gjt.sp.jedit,VarCompressor,Cyclic-Dependent Modularization
jEdit,org.gjt.sp.jedit,Mode,Cyclic-Dependent Modularization
jEdit,org.gjt.sp.jedit,Mode,Insufficient Modularization
jEdit,org.gjt.sp.jedit,ModeCatalogHandler,Unutilized Abstraction
jEdit,org.gjt.sp.jedit,OptionGroup,Missing Hierarchy
jEdit,org.gjt.sp.jedit,PerspectiveManager,Cyclic-Dependent Modularization
jEdit,org.gjt.sp.jedit,PerspectiveHandler,Cyclic-Dependent Modularization
jEdit,org.gjt.sp.jedit,PluginJAR,Deficient Encapsulation
jEdit,org.gjt.sp.jedit,PluginJAR,Unexploited Encapsulation
jEdit,org.gjt.sp.jedit,PluginJAR,Missing Hierarchy
jEdit,org.gjt.sp.jedit,PluginJAR,Cyclic-Dependent Modularization
jEdit,org.gjt.sp.jedit,PluginJAR,Insufficient Modularization
jEdit,org.gjt.sp.jedit,PluginJAR,Hub-like Modularization
jEdit,org.gjt.sp.jedit,PluginDepends,Unnecessary Abstraction
jEdit,org.gjt.sp.jedit,PluginDepends,Broken Modularization
jEdit,org.gjt.sp.jedit,PluginCacheEntry,Deficient Encapsulation
jEdit,org.gjt.sp.jedit,PluginCacheEntry,Cyclic-Dependent Modularization
jEdit,org.gjt.sp.jedit,Registers,Insufficient Modularization
jEdit,org.gjt.sp.jedit,ClipboardRegister,Unutilized Abstraction
jEdit,org.gjt.sp.jedit,DefaultRegister,Unutilized Abstraction
jEdit,org.gjt.sp.jedit,ServiceListHandler,Unutilized Abstraction
jEdit,org.gjt.sp.jedit,ServiceManager,Deficient Encapsulation
jEdit,org.gjt.sp.jedit,ServiceManager,Cyclic-Dependent Modularization
jEdit,org.gjt.sp.jedit,Descriptor,Cyclic-Dependent Modularization
jEdit,org.gjt.sp.jedit,ServiceFoldHandlerProvider,Unutilized Abstraction
jEdit,org.gjt.sp.jedit,ServiceFoldHandlerProvider,Deficient Encapsulation
jEdit,org.gjt.sp.jedit,SettingsReloader,Unutilized Abstraction
jEdit,org.gjt.sp.jedit,SettingsXML,Cyclic-Dependent Modularization
jEdit,org.gjt.sp.jedit,Saver,Cyclic-Dependent Modularization
jEdit,org.gjt.sp.jedit,SplitConfigParser,Cyclic-Dependent Modularization
jEdit,org.gjt.sp.jedit,BufferSet,Cyclic-Dependent Modularization
jEdit,org.gjt.sp.jedit,TextUtilities,Deficient Encapsulation
jEdit,org.gjt.sp.jedit,TextUtilities,Cyclic-Dependent Modularization
jEdit,org.gjt.sp.jedit,TextUtilities,Insufficient Modularization
jEdit,org.gjt.sp.jedit,View,Deficient Encapsulation
jEdit,org.gjt.sp.jedit,View,Cyclic-Dependent Modularization
jEdit,org.gjt.sp.jedit,View,Insufficient Modularization
jEdit,org.gjt.sp.jedit,View,Hub-like Modularization
jEdit,org.gjt.sp.jedit,CaretHandler,Unutilized Abstraction
jEdit,org.gjt.sp.jedit,FocusHandler,Unutilized Abstraction
jEdit,org.gjt.sp.jedit,ScrollHandler,Unutilized Abstraction
jEdit,org.gjt.sp.jedit,WindowHandler,Unutilized Abstraction
jEdit,org.gjt.sp.jedit,ViewConfig,Deficient Encapsulation
jEdit,org.gjt.sp.jedit,ViewConfig,Cyclic-Dependent Modularization
jEdit,org.gjt.sp.jedit,MyFocusTraversalPolicy,Unutilized Abstraction
jEdit,org.gjt.sp.jedit,SetCursorVisitor,Unutilized Abstraction
jEdit,org.gjt.sp.jedit.browser,AbstractBrowserTask,Unutilized Abstraction
jEdit,org.gjt.sp.jedit.browser,AbstractBrowserTask,Broken Hierarchy
jEdit,org.gjt.sp.jedit.browser,BrowserCommandsMenu,Cyclic-Dependent Modularization
jEdit,org.gjt.sp.jedit.browser,ActionHandler,Unutilized Abstraction
jEdit,org.gjt.sp.jedit.browser,BrowserListener,Cyclic-Dependent Modularization
jEdit,org.gjt.sp.jedit.browser,BrowserView,Missing Hierarchy
jEdit,org.gjt.sp.jedit.browser,BrowserView,Cyclic-Dependent Modularization
jEdit,org.gjt.sp.jedit.browser,BrowserView,Insufficient Modularization
jEdit,org.gjt.sp.jedit.browser,ParentDirectoryRenderer,Missing Hierarchy
jEdit,org.gjt.sp.jedit.browser,ParentDirectoryRenderer,Cyclic-Dependent Modularization
jEdit,org.gjt.sp.jedit.browser,ParentMouseHandler,Unutilized Abstraction
jEdit,org.gjt.sp.jedit.browser,TableKeyListener,Unutilized Abstraction
jEdit,org.gjt.sp.jedit.browser,TableMouseHandler,Unutilized Abstraction
jEdit,org.gjt.sp.jedit.browser,LoadingPlaceholder,Unnecessary Abstraction
jEdit,org.gjt.sp.jedit.browser,LoadingPlaceholder,Unutilized Abstraction
jEdit,org.gjt.sp.jedit.browser,ParentDirectoryList,Unutilized Abstraction
jEdit,org.gjt.sp.jedit.browser,DeleteBrowserTask,Unutilized Abstraction
jEdit,org.gjt.sp.jedit.browser,DeleteBrowserTask,Broken Hierarchy
jEdit,org.gjt.sp.jedit.browser,FileCellRenderer,Deficient Encapsulation
jEdit,org.gjt.sp.jedit.browser,FileCellRenderer,Missing Hierarchy
jEdit,org.gjt.sp.jedit.browser,FileCellRenderer,Cyclic-Dependent Modularization
jEdit,org.gjt.sp.jedit.browser,ListDirectoryBrowserTask,Unutilized Abstraction
jEdit,org.gjt.sp.jedit.browser,ListDirectoryBrowserTask,Broken Hierarchy
jEdit,org.gjt.sp.jedit.browser,MkDirBrowserTask,Unutilized Abstraction
jEdit,org.gjt.sp.jedit.browser,MkDirBrowserTask,Broken Hierarchy
jEdit,org.gjt.sp.jedit.browser,RenameBrowserTask,Unutilized Abstraction
jEdit,org.gjt.sp.jedit.browser,RenameBrowserTask,Broken Hierarchy
jEdit,org.gjt.sp.jedit.browser,VFSBrowser,Unutilized Abstraction
jEdit,org.gjt.sp.jedit.browser,VFSBrowser,Deficient Encapsulation
jEdit,org.gjt.sp.jedit.browser,VFSBrowser,Cyclic-Dependent Modularization
jEdit,org.gjt.sp.jedit.browser,VFSBrowser,Insufficient Modularization
jEdit,org.gjt.sp.jedit.browser,VFSBrowser,Hub-like Modularization
jEdit,org.gjt.sp.jedit.browser,ActionHandler,Unutilized Abstraction
jEdit,org.gjt.sp.jedit.browser,MenuButton,Unutilized Abstraction
jEdit,org.gjt.sp.jedit.browser,MenuButton,Broken Hierarchy
jEdit,org.gjt.sp.jedit.browser,MouseHandler,Unutilized Abstraction
jEdit,org.gjt.sp.jedit.browser,Action,Unutilized Abstraction
jEdit,org.gjt.sp.jedit.browser,CommandsMenuButton,Unutilized Abstraction
jEdit,org.gjt.sp.jedit.browser,PluginsMenuButton,Unutilized Abstraction
jEdit,org.gjt.sp.jedit.browser,FavoritesMenuButton,Unutilized Abstraction
jEdit,org.gjt.sp.jedit.browser,ActionHandler,Unutilized Abstraction
jEdit,org.gjt.sp.jedit.browser,BrowserActionContext,Unutilized Abstraction
jEdit,org.gjt.sp.jedit.browser,BrowserActionContext,Broken Hierarchy
jEdit,org.gjt.sp.jedit.browser,HistoryComboBoxEditor,Broken Hierarchy
jEdit,org.gjt.sp.jedit.browser,HistoryComboBoxEditor,Cyclic-Dependent Modularization
jEdit,org.gjt.sp.jedit.browser,VFSFileFilterRenderer,Unutilized Abstraction
jEdit,org.gjt.sp.jedit.browser,DirectoriesOnlyFilter,Unutilized Abstraction
jEdit,org.gjt.sp.jedit.browser,DelayedEndRequest,Unutilized Abstraction
jEdit,org.gjt.sp.jedit.browser,VFSDirectoryEntryTable,Cyclic-Dependent Modularization
jEdit,org.gjt.sp.jedit.browser,VFSDirectoryEntryTable,Insufficient Modularization
jEdit,org.gjt.sp.jedit.browser,ClearTypeSelect,Unutilized Abstraction
jEdit,org.gjt.sp.jedit.browser,ColumnHandler,Unutilized Abstraction
jEdit,org.gjt.sp.jedit.browser,MainMouseHandler,Unutilized Abstraction
jEdit,org.gjt.sp.jedit.browser,MouseHandler,Unutilized Abstraction
jEdit,org.gjt.sp.jedit.browser,HeaderRenderer,Unutilized Abstraction
jEdit,org.gjt.sp.jedit.browser,VFSDirectoryEntryTableModel,Cyclic-Dependent Modularization
jEdit,org.gjt.sp.jedit.browser,Entry,Cyclic-Dependent Modularization
jEdit,org.gjt.sp.jedit.browser,EntryCompare,Unutilized Abstraction
jEdit,org.gjt.sp.jedit.browser,VFSFileChooserDialog,Unutilized Abstraction
jEdit,org.gjt.sp.jedit.browser,VFSFileChooserDialog,Cyclic-Dependent Modularization
jEdit,org.gjt.sp.jedit.browser,VFSFileChooserDialog,Insufficient Modularization
jEdit,org.gjt.sp.jedit.browser,ActionHandler,Unutilized Abstraction
jEdit,org.gjt.sp.jedit.browser,BrowserHandler,Unutilized Abstraction
jEdit,org.gjt.sp.jedit.browser,IoTaskHandler,Unutilized Abstraction
jEdit,org.gjt.sp.jedit.browser,GetFileTypeRequest,Unutilized Abstraction
jEdit,org.gjt.sp.jedit.browser,GetFileTypeRequest,Broken Hierarchy
jEdit,org.gjt.sp.jedit.browser,VFSFileNameField,Broken Hierarchy
jEdit,org.gjt.sp.jedit.browser,VFSFileNameField,Cyclic-Dependent Modularization
jEdit,org.gjt.sp.jedit.bsh,BlockNameSpace,Unutilized Abstraction
jEdit,org.gjt.sp.jedit.bsh,BSHAllocationExpression,Unutilized Abstraction
jEdit,org.gjt.sp.jedit.bsh,BSHAllocationExpression,Unexploited Encapsulation
jEdit,org.gjt.sp.jedit.bsh,BSHAllocationExpression,Missing Hierarchy
jEdit,org.gjt.sp.jedit.bsh,BSHAmbiguousName,Unutilized Abstraction
jEdit,org.gjt.sp.jedit.bsh,BSHAmbiguousName,Deficient Encapsulation
jEdit,org.gjt.sp.jedit.bsh,BSHArguments,Unutilized Abstraction
jEdit,org.gjt.sp.jedit.bsh,BSHArguments,Broken Hierarchy
jEdit,org.gjt.sp.jedit.bsh,BSHArrayDimensions,Unutilized Abstraction
jEdit,org.gjt.sp.jedit.bsh,BSHArrayDimensions,Deficient Encapsulation
jEdit,org.gjt.sp.jedit.bsh,BSHArrayInitializer,Unutilized Abstraction
jEdit,org.gjt.sp.jedit.bsh,BSHAssignment,Imperative Abstraction
jEdit,org.gjt.sp.jedit.bsh,BSHAssignment,Unutilized Abstraction
jEdit,org.gjt.sp.jedit.bsh,BSHAssignment,Deficient Encapsulation
jEdit,org.gjt.sp.jedit.bsh,BSHAssignment,Broken Hierarchy
jEdit,org.gjt.sp.jedit.bsh,BSHBinaryExpression,Unutilized Abstraction
jEdit,org.gjt.sp.jedit.bsh,BSHBinaryExpression,Deficient Encapsulation
jEdit,org.gjt.sp.jedit.bsh,BSHBinaryExpression,Broken Hierarchy
jEdit,org.gjt.sp.jedit.bsh,BSHBlock,Deficient Encapsulation
jEdit,org.gjt.sp.jedit.bsh,BSHBlock,Unexploited Encapsulation
jEdit,org.gjt.sp.jedit.bsh,BSHBlock,Missing Hierarchy
jEdit,org.gjt.sp.jedit.bsh,BSHCastExpression,Unutilized Abstraction
jEdit,org.gjt.sp.jedit.bsh,BSHClassDeclaration,Unutilized Abstraction
jEdit,org.gjt.sp.jedit.bsh,BshClassManager,Cyclic-Dependent Modularization
jEdit,org.gjt.sp.jedit.bsh,BshClassManager,Insufficient Modularization
jEdit,org.gjt.sp.jedit.bsh,BSHEnhancedForStatement,Imperative Abstraction
jEdit,org.gjt.sp.jedit.bsh,BSHEnhancedForStatement,Unutilized Abstraction
jEdit,org.gjt.sp.jedit.bsh,BSHEnhancedForStatement,Unexploited Encapsulation
jEdit,org.gjt.sp.jedit.bsh,BSHEnhancedForStatement,Broken Hierarchy
jEdit,org.gjt.sp.jedit.bsh,BSHEnhancedForStatement,Missing Hierarchy
jEdit,org.gjt.sp.jedit.bsh,BSHFormalComment,Deficient Encapsulation
jEdit,org.gjt.sp.jedit.bsh,BSHFormalComment,Broken Hierarchy
jEdit,org.gjt.sp.jedit.bsh,BSHFormalParameter,Deficient Encapsulation
jEdit,org.gjt.sp.jedit.bsh,BSHFormalParameters,Unutilized Abstraction
jEdit,org.gjt.sp.jedit.bsh,BSHForStatement,Unutilized Abstraction
jEdit,org.gjt.sp.jedit.bsh,BSHForStatement,Deficient Encapsulation
jEdit,org.gjt.sp.jedit.bsh,BSHForStatement,Broken Hierarchy
jEdit,org.gjt.sp.jedit.bsh,BSHImportDeclaration,Unutilized Abstraction
jEdit,org.gjt.sp.jedit.bsh,BSHImportDeclaration,Deficient Encapsulation
jEdit,org.gjt.sp.jedit.bsh,BSHLiteral,Unutilized Abstraction
jEdit,org.gjt.sp.jedit.bsh,BSHLiteral,Deficient Encapsulation
jEdit,org.gjt.sp.jedit.bsh,BshMethod,Cyclic-Dependent Modularization
jEdit,org.gjt.sp.jedit.bsh,BSHMethodDeclaration,Unutilized Abstraction
jEdit,org.gjt.sp.jedit.bsh,BSHMethodDeclaration,Deficient Encapsulation
jEdit,org.gjt.sp.jedit.bsh,BSHMethodInvocation,Unutilized Abstraction
jEdit,org.gjt.sp.jedit.bsh,BSHMethodInvocation,Unexploited Encapsulation
jEdit,org.gjt.sp.jedit.bsh,BSHMethodInvocation,Missing Hierarchy
jEdit,org.gjt.sp.jedit.bsh,BSHPackageDeclaration,Cyclic-Dependent Modularization
jEdit,org.gjt.sp.jedit.bsh,BSHPrimaryExpression,Unutilized Abstraction
jEdit,org.gjt.sp.jedit.bsh,BSHPrimaryExpression,Unexploited Encapsulation
jEdit,org.gjt.sp.jedit.bsh,BSHPrimaryExpression,Missing Hierarchy
jEdit,org.gjt.sp.jedit.bsh,BSHPrimarySuffix,Deficient Encapsulation
jEdit,org.gjt.sp.jedit.bsh,BSHPrimarySuffix,Unexploited Encapsulation
jEdit,org.gjt.sp.jedit.bsh,BSHPrimarySuffix,Broken Hierarchy
jEdit,org.gjt.sp.jedit.bsh,BSHPrimarySuffix,Missing Hierarchy
jEdit,org.gjt.sp.jedit.bsh,BSHPrimarySuffix,Cyclic-Dependent Modularization
jEdit,org.gjt.sp.jedit.bsh,BSHPrimitiveType,Unutilized Abstraction
jEdit,org.gjt.sp.jedit.bsh,BSHPrimitiveType,Deficient Encapsulation
jEdit,org.gjt.sp.jedit.bsh,BSHPrimitiveType,Broken Hierarchy
jEdit,org.gjt.sp.jedit.bsh,BSHReturnStatement,Unutilized Abstraction
jEdit,org.gjt.sp.jedit.bsh,BSHReturnStatement,Deficient Encapsulation
jEdit,org.gjt.sp.jedit.bsh,BSHReturnStatement,Broken Hierarchy
jEdit,org.gjt.sp.jedit.bsh,BSHReturnType,Unutilized Abstraction
jEdit,org.gjt.sp.jedit.bsh,BSHReturnType,Deficient Encapsulation
jEdit,org.gjt.sp.jedit.bsh,BSHReturnType,Broken Hierarchy
jEdit,org.gjt.sp.jedit.bsh,BSHStatementExpressionList,Unutilized Abstraction
jEdit,org.gjt.sp.jedit.bsh,BSHSwitchLabel,Unutilized Abstraction
jEdit,org.gjt.sp.jedit.bsh,BSHSwitchStatement,Unutilized Abstraction
jEdit,org.gjt.sp.jedit.bsh,BSHSwitchStatement,Unexploited Encapsulation
jEdit,org.gjt.sp.jedit.bsh,BSHSwitchStatement,Broken Hierarchy
jEdit,org.gjt.sp.jedit.bsh,BSHSwitchStatement,Missing Hierarchy
jEdit,org.gjt.sp.jedit.bsh,BSHTernaryExpression,Unutilized Abstraction
jEdit,org.gjt.sp.jedit.bsh,BSHThrowStatement,Unutilized Abstraction
jEdit,org.gjt.sp.jedit.bsh,BSHTryStatement,Imperative Abstraction
jEdit,org.gjt.sp.jedit.bsh,BSHTryStatement,Unutilized Abstraction
jEdit,org.gjt.sp.jedit.bsh,BSHTryStatement,Unexploited Encapsulation
jEdit,org.gjt.sp.jedit.bsh,BSHTryStatement,Missing Hierarchy
jEdit,org.gjt.sp.jedit.bsh,BSHType,Broken Hierarchy
jEdit,org.gjt.sp.jedit.bsh,BSHTypedVariableDeclaration,Unutilized Abstraction
jEdit,org.gjt.sp.jedit.bsh,BSHTypedVariableDeclaration,Deficient Encapsulation
jEdit,org.gjt.sp.jedit.bsh,BSHUnaryExpression,Unutilized Abstraction
jEdit,org.gjt.sp.jedit.bsh,BSHUnaryExpression,Deficient Encapsulation
jEdit,org.gjt.sp.jedit.bsh,BSHUnaryExpression,Broken Hierarchy
jEdit,org.gjt.sp.jedit.bsh,BSHVariableDeclarator,Unutilized Abstraction
jEdit,org.gjt.sp.jedit.bsh,BSHVariableDeclarator,Deficient Encapsulation
jEdit,org.gjt.sp.jedit.bsh,BSHWhileStatement,Unutilized Abstraction
jEdit,org.gjt.sp.jedit.bsh,BSHWhileStatement,Broken Hierarchy
jEdit,org.gjt.sp.jedit.bsh,CallStack,Cyclic-Dependent Modularization
jEdit,org.gjt.sp.jedit.bsh,Unavailable,Unutilized Abstraction
jEdit,org.gjt.sp.jedit.bsh,Unavailable,Broken Hierarchy
jEdit,org.gjt.sp.jedit.bsh,ClassGenerator,Cyclic-Dependent Modularization
jEdit,org.gjt.sp.jedit.bsh,ClassGeneratorImpl,Deficient Encapsulation
jEdit,org.gjt.sp.jedit.bsh,ClassGeneratorImpl,Unexploited Encapsulation
jEdit,org.gjt.sp.jedit.bsh,ClassGeneratorImpl,Missing Hierarchy
jEdit,org.gjt.sp.jedit.bsh,ClassGeneratorImpl,Cyclic-Dependent Modularization
jEdit,org.gjt.sp.jedit.bsh,ClassNodeFilter,Deficient Encapsulation
jEdit,org.gjt.sp.jedit.bsh,ClassNodeFilter,Unexploited Encapsulation
jEdit,org.gjt.sp.jedit.bsh,ClassNodeFilter,Missing Hierarchy
jEdit,org.gjt.sp.jedit.bsh,ClassGeneratorUtil,Deficient Encapsulation
jEdit,org.gjt.sp.jedit.bsh,ClassGeneratorUtil,Unexploited Encapsulation
jEdit,org.gjt.sp.jedit.bsh,ClassGeneratorUtil,Broken Hierarchy
jEdit,org.gjt.sp.jedit.bsh,ClassGeneratorUtil,Missing Hierarchy
jEdit,org.gjt.sp.jedit.bsh,ClassGeneratorUtil,Cyclic-Dependent Modularization
jEdit,org.gjt.sp.jedit.bsh,ClassGeneratorUtil,Insufficient Modularization
jEdit,org.gjt.sp.jedit.bsh,ConstructorArgs,Deficient Encapsulation
jEdit,org.gjt.sp.jedit.bsh,ClassPathException,Unutilized Abstraction
jEdit,org.gjt.sp.jedit.bsh,ClassPathException,Broken Hierarchy
jEdit,org.gjt.sp.jedit.bsh,CollectionManager,Cyclic-Dependent Modularization
jEdit,org.gjt.sp.jedit.bsh,BasicBshIterator,Unutilized Abstraction
jEdit,org.gjt.sp.jedit.bsh,CommandLineReader,Unutilized Abstraction
jEdit,org.gjt.sp.jedit.bsh,EvalError,Unutilized Abstraction
jEdit,org.gjt.sp.jedit.bsh,ExternalNameSpace,Unutilized Abstraction
jEdit,org.gjt.sp.jedit.bsh,ExternalNameSpace,Missing Hierarchy
jEdit,org.gjt.sp.jedit.bsh,Interpreter,Deficient Encapsulation
jEdit,org.gjt.sp.jedit.bsh,Interpreter,Cyclic-Dependent Modularization
jEdit,org.gjt.sp.jedit.bsh,Interpreter,Insufficient Modularization
jEdit,org.gjt.sp.jedit.bsh,InterpreterError,Unutilized Abstraction
jEdit,org.gjt.sp.jedit.bsh,JavaCharStream,Deficient Encapsulation
jEdit,org.gjt.sp.jedit.bsh,JavaCharStream,Insufficient Modularization
jEdit,org.gjt.sp.jedit.bsh,JJTParserState,Unutilized Abstraction
jEdit,org.gjt.sp.jedit.bsh,JThis,Unutilized Abstraction
jEdit,org.gjt.sp.jedit.bsh,JThis,Insufficient Modularization
jEdit,org.gjt.sp.jedit.bsh,LHS,Broken Hierarchy
jEdit,org.gjt.sp.jedit.bsh,LHS,Cyclic-Dependent Modularization
jEdit,org.gjt.sp.jedit.bsh,Modifiers,Deficient Encapsulation
jEdit,org.gjt.sp.jedit.bsh,Name,Deficient Encapsulation
jEdit,org.gjt.sp.jedit.bsh,Name,Missing Hierarchy
jEdit,org.gjt.sp.jedit.bsh,Name,Cyclic-Dependent Modularization
jEdit,org.gjt.sp.jedit.bsh,Name,Insufficient Modularization
jEdit,org.gjt.sp.jedit.bsh,Listener,Unutilized Abstraction
jEdit,org.gjt.sp.jedit.bsh,NameSpace,Deficient Encapsulation
jEdit,org.gjt.sp.jedit.bsh,NameSpace,Cyclic-Dependent Modularization
jEdit,org.gjt.sp.jedit.bsh,NameSpace,Insufficient Modularization
jEdit,org.gjt.sp.jedit.bsh,Node,Unutilized Abstraction
jEdit,org.gjt.sp.jedit.bsh,ParseException,Unutilized Abstraction
jEdit,org.gjt.sp.jedit.bsh,ParseException,Deficient Encapsulation
jEdit,org.gjt.sp.jedit.bsh,Parser,Deficient Encapsulation
jEdit,org.gjt.sp.jedit.bsh,Parser,Broken Hierarchy
jEdit,org.gjt.sp.jedit.bsh,Parser,Cyclic-Dependent Modularization
jEdit,org.gjt.sp.jedit.bsh,Parser,Insufficient Modularization
jEdit,org.gjt.sp.jedit.bsh,LookaheadSuccess,Unnecessary Abstraction
jEdit,org.gjt.sp.jedit.bsh,ParserConstants,Wide Hierarchy
jEdit,org.gjt.sp.jedit.bsh,ParserConstants,Broken Modularization
jEdit,org.gjt.sp.jedit.bsh,ParserTokenManager,Deficient Encapsulation
jEdit,org.gjt.sp.jedit.bsh,ParserTokenManager,Broken Hierarchy
jEdit,org.gjt.sp.jedit.bsh,ParserTokenManager,Insufficient Modularization
jEdit,org.gjt.sp.jedit.bsh,ParserTreeConstants,Deficient Encapsulation
jEdit,org.gjt.sp.jedit.bsh,ParserTreeConstants,Broken Modularization
jEdit,org.gjt.sp.jedit.bsh,Primitive,Deficient Encapsulation
jEdit,org.gjt.sp.jedit.bsh,Primitive,Broken Hierarchy
jEdit,org.gjt.sp.jedit.bsh,Primitive,Cyclic-Dependent Modularization
jEdit,org.gjt.sp.jedit.bsh,Primitive,Insufficient Modularization
jEdit,org.gjt.sp.jedit.bsh,Special,Deficient Encapsulation
jEdit,org.gjt.sp.jedit.bsh,Reflect,Cyclic-Dependent Modularization
jEdit,org.gjt.sp.jedit.bsh,Reflect,Insufficient Modularization
jEdit,org.gjt.sp.jedit.bsh,ReflectError,Unutilized Abstraction
jEdit,org.gjt.sp.jedit.bsh,ReturnControl,Unutilized Abstraction
jEdit,org.gjt.sp.jedit.bsh,ReturnControl,Deficient Encapsulation
jEdit,org.gjt.sp.jedit.bsh,ReturnControl,Broken Hierarchy
jEdit,org.gjt.sp.jedit.bsh,SimpleNode,Unutilized Abstraction
jEdit,org.gjt.sp.jedit.bsh,SimpleNode,Deficient Encapsulation
jEdit,org.gjt.sp.jedit.bsh,SimpleNode,Wide Hierarchy
jEdit,org.gjt.sp.jedit.bsh,SimpleNode,Cyclic-Dependent Modularization
jEdit,org.gjt.sp.jedit.bsh,SimpleNode,Insufficient Modularization
jEdit,org.gjt.sp.jedit.bsh,StringUtil,Cyclic-Dependent Modularization
jEdit,org.gjt.sp.jedit.bsh,TargetError,Unutilized Abstraction
jEdit,org.gjt.sp.jedit.bsh,This,Cyclic-Dependent Modularization
jEdit,org.gjt.sp.jedit.bsh,Token,Deficient Encapsulation
jEdit,org.gjt.sp.jedit.bsh,Types,Cyclic-Dependent Modularization
jEdit,org.gjt.sp.jedit.bsh,UtilEvalError,Unutilized Abstraction
jEdit,org.gjt.sp.jedit.bsh,UtilTargetError,Unutilized Abstraction
jEdit,org.gjt.sp.jedit.bsh,UtilTargetError,Deficient Encapsulation
jEdit,org.gjt.sp.jedit.bsh,Variable,Cyclic-Dependent Modularization
jEdit,org.gjt.sp.jedit.bsh,XThis,Unutilized Abstraction
jEdit,org.gjt.sp.jedit.bsh,Handler,Unutilized Abstraction
jEdit,org.gjt.sp.jedit.bsh.classpath,BshClassLoader,Cyclic-Dependent Modularization
jEdit,org.gjt.sp.jedit.bsh.classpath,BshClassPath,Cyclic-Dependent Modularization
jEdit,org.gjt.sp.jedit.bsh.classpath,BshClassPath,Insufficient Modularization
jEdit,org.gjt.sp.jedit.bsh.classpath,JarClassSource,Unutilized Abstraction
jEdit,org.gjt.sp.jedit.bsh.classpath,GeneratedClassSource,Unutilized Abstraction
jEdit,org.gjt.sp.jedit.bsh.classpath,UnqualifiedNameTable,Cyclic-Dependent Modularization
jEdit,org.gjt.sp.jedit.bsh.classpath,ClassManagerImpl,Cyclic-Dependent Modularization
jEdit,org.gjt.sp.jedit.bsh.classpath,DiscreteFilesClassLoader,Broken Hierarchy
jEdit,org.gjt.sp.jedit.bsh.collection,CollectionIterator,Unutilized Abstraction
jEdit,org.gjt.sp.jedit.bsh.collection,CollectionManagerImpl,Unutilized Abstraction
jEdit,org.gjt.sp.jedit.bsh.org.objectweb.asm,ClassVisitor,Unutilized Abstraction
jEdit,org.gjt.sp.jedit.bsh.org.objectweb.asm,ClassWriter,Unutilized Abstraction
jEdit,org.gjt.sp.jedit.bsh.org.objectweb.asm,ClassWriter,Cyclic-Dependent Modularization
jEdit,org.gjt.sp.jedit.bsh.org.objectweb.asm,CodeWriter,Cyclic-Dependent Modularization
jEdit,org.gjt.sp.jedit.bsh.org.objectweb.asm,CodeWriter,Insufficient Modularization
jEdit,org.gjt.sp.jedit.bsh.org.objectweb.asm,Constants,Broken Modularization
jEdit,org.gjt.sp.jedit.bsh.org.objectweb.asm,Edge,Unnecessary Abstraction
jEdit,org.gjt.sp.jedit.bsh.org.objectweb.asm,Edge,Unutilized Abstraction
jEdit,org.gjt.sp.jedit.bsh.org.objectweb.asm,Item,Cyclic-Dependent Modularization
jEdit,org.gjt.sp.jedit.bsh.org.objectweb.asm,Label,Cyclic-Dependent Modularization
jEdit,org.gjt.sp.jedit.bsh.org.objectweb.asm,Type,Deficient Encapsulation
jEdit,org.gjt.sp.jedit.bsh.reflect,ReflectManagerImpl,Unutilized Abstraction
jEdit,org.gjt.sp.jedit.buffer,BufferAdapter,Unutilized Abstraction
jEdit,org.gjt.sp.jedit.buffer,BufferListener,Cyclic-Dependent Modularization
jEdit,org.gjt.sp.jedit.buffer,BufferSegment,Unutilized Abstraction
jEdit,org.gjt.sp.jedit.buffer,ContentManager,Unutilized Abstraction
jEdit,org.gjt.sp.jedit.buffer,DummyFoldHandler,Unutilized Abstraction
jEdit,org.gjt.sp.jedit.buffer,ExplicitFoldHandler,Unutilized Abstraction
jEdit,org.gjt.sp.jedit.buffer,FoldHandler,Deficient Encapsulation
jEdit,org.gjt.sp.jedit.buffer,FoldHandler,Cyclic-Dependent Modularization
jEdit,org.gjt.sp.jedit.buffer,IndentFoldHandler,Unutilized Abstraction
jEdit,org.gjt.sp.jedit.buffer,JEditBuffer,Deficient Encapsulation
jEdit,org.gjt.sp.jedit.buffer,JEditBuffer,Cyclic-Dependent Modularization
jEdit,org.gjt.sp.jedit.buffer,JEditBuffer,Insufficient Modularization
jEdit,org.gjt.sp.jedit.buffer,JEditBuffer,Hub-like Modularization
jEdit,org.gjt.sp.jedit.buffer,Listener,Cyclic-Dependent Modularization
jEdit,org.gjt.sp.jedit.buffer,LineManager,Cyclic-Dependent Modularization
jEdit,org.gjt.sp.jedit.buffer,PositionManager,Unutilized Abstraction
jEdit,org.gjt.sp.jedit.buffer,PosTopHalf,Unutilized Abstraction
jEdit,org.gjt.sp.jedit.buffer,PosBottomHalf,Unutilized Abstraction
jEdit,org.gjt.sp.jedit.buffer,UndoManager,Unexploited Encapsulation
jEdit,org.gjt.sp.jedit.buffer,UndoManager,Missing Hierarchy
jEdit,org.gjt.sp.jedit.buffer,UndoManager,Cyclic-Dependent Modularization
jEdit,org.gjt.sp.jedit.buffer,UndoManager,Insufficient Modularization
jEdit,org.gjt.sp.jedit.buffer,Edit,Cyclic-Dependent Modularization
jEdit,org.gjt.sp.jedit.buffer,Insert,Cyclic-Dependent Modularization
jEdit,org.gjt.sp.jedit.buffer,Remove,Cyclic-Dependent Modularization
jEdit,org.gjt.sp.jedit.buffer,Replace,Cyclic-Dependent Modularization
jEdit,org.gjt.sp.jedit.buffer,CompressedReplace,Cyclic-Dependent Modularization
jEdit,org.gjt.sp.jedit.buffer,CompoundEdit,Cyclic-Dependent Modularization
jEdit,org.gjt.sp.jedit.bufferio,BufferAutosaveRequest,Unutilized Abstraction
jEdit,org.gjt.sp.jedit.bufferio,BufferAutosaveRequest,Broken Hierarchy
jEdit,org.gjt.sp.jedit.bufferio,BufferInsertRequest,Unutilized Abstraction
jEdit,org.gjt.sp.jedit.bufferio,BufferInsertRequest,Broken Hierarchy
jEdit,org.gjt.sp.jedit.bufferio,BufferIORequest,Unutilized Abstraction
jEdit,org.gjt.sp.jedit.bufferio,BufferIORequest,Deficient Encapsulation
jEdit,org.gjt.sp.jedit.bufferio,BufferIORequest,Broken Hierarchy
jEdit,org.gjt.sp.jedit.bufferio,BufferIORequest,Cyclic-Dependent Modularization
jEdit,org.gjt.sp.jedit.bufferio,BufferLoadRequest,Broken Hierarchy
jEdit,org.gjt.sp.jedit.bufferio,BufferSaveRequest,Broken Hierarchy
jEdit,org.gjt.sp.jedit.bufferio,IoTask,Unnecessary Abstraction
jEdit,org.gjt.sp.jedit.bufferio,IoTask,Unutilized Abstraction
jEdit,org.gjt.sp.jedit.bufferio,MarkersSaveRequest,Unutilized Abstraction
jEdit,org.gjt.sp.jedit.bufferio,MarkersSaveRequest,Deficient Encapsulation
jEdit,org.gjt.sp.jedit.bufferset,BufferSet,Cyclic-Dependent Modularization
jEdit,org.gjt.sp.jedit.bufferset,NameSorter,Unutilized Abstraction
jEdit,org.gjt.sp.jedit.bufferset,PathSorter,Unutilized Abstraction
jEdit,org.gjt.sp.jedit.bufferset,BufferSetAdapter,Unutilized Abstraction
jEdit,org.gjt.sp.jedit.bufferset,BufferSetListener,Cyclic-Dependent Modularization
jEdit,org.gjt.sp.jedit.bufferset,BufferSetManager,Cyclic-Dependent Modularization
jEdit,org.gjt.sp.jedit.datatransfer,JEditDataFlavor,Unnecessary Abstraction
jEdit,org.gjt.sp.jedit.datatransfer,JEditDataFlavor,Deficient Encapsulation
jEdit,org.gjt.sp.jedit.datatransfer,JEditTransferable,Unutilized Abstraction
jEdit,org.gjt.sp.jedit.datatransfer,ListVFSFileTransferable,Deficient Encapsulation
jEdit,org.gjt.sp.jedit.datatransfer,ListVFSFileTransferable,Cyclic-Dependent Modularization
jEdit,org.gjt.sp.jedit.datatransfer,RichJEditTextTransferableService,Unutilized Abstraction
jEdit,org.gjt.sp.jedit.datatransfer,RichTextTransferable,Unutilized Abstraction
jEdit,org.gjt.sp.jedit.datatransfer,StringTransferableService,Unutilized Abstraction
jEdit,org.gjt.sp.jedit.gui,AboutDialog,Unutilized Abstraction
jEdit,org.gjt.sp.jedit.gui,AbstractContextOptionPane,Broken Hierarchy
jEdit,org.gjt.sp.jedit.gui,AbstractContextOptionPane,Cyclic-Dependent Modularization
jEdit,org.gjt.sp.jedit.gui,MenuItemCompare,Unutilized Abstraction
jEdit,org.gjt.sp.jedit.gui,ActionHandler,Imperative Abstraction
jEdit,org.gjt.sp.jedit.gui,ActionBar,Cyclic-Dependent Modularization
jEdit,org.gjt.sp.jedit.gui,ActionHandler,Unutilized Abstraction
jEdit,org.gjt.sp.jedit.gui,DocumentHandler,Unutilized Abstraction
jEdit,org.gjt.sp.jedit.gui,ActionTextField,Unutilized Abstraction
jEdit,org.gjt.sp.jedit.gui,AddAbbrevDialog,Unutilized Abstraction
jEdit,org.gjt.sp.jedit.gui,ActionHandler,Unutilized Abstraction
jEdit,org.gjt.sp.jedit.gui,KeyHandler,Unutilized Abstraction
jEdit,org.gjt.sp.jedit.gui,AddModeDialog,Unutilized Abstraction
jEdit,org.gjt.sp.jedit.gui,ActionHandler,Unutilized Abstraction
jEdit,org.gjt.sp.jedit.gui,AnimatedIcon,Unutilized Abstraction
jEdit,org.gjt.sp.jedit.gui,Animator,Unutilized Abstraction
jEdit,org.gjt.sp.jedit.gui,BeanShellErrorDialog,Unutilized Abstraction
jEdit,org.gjt.sp.jedit.gui,BeanShellErrorDialog,Broken Hierarchy
jEdit,org.gjt.sp.jedit.gui,BufferOptions,Unutilized Abstraction
jEdit,org.gjt.sp.jedit.gui,ActionHandler,Unutilized Abstraction
jEdit,org.gjt.sp.jedit.gui,BufferSwitcher,Deficient Encapsulation
jEdit,org.gjt.sp.jedit.gui,BufferSwitcher,Cyclic-Dependent Modularization
jEdit,org.gjt.sp.jedit.gui,BufferSwitcher,Insufficient Modularization
jEdit,org.gjt.sp.jedit.gui,BufferCellRenderer,Unutilized Abstraction
jEdit,org.gjt.sp.jedit.gui,ComboBoxTransferHandler,Unutilized Abstraction
jEdit,org.gjt.sp.jedit.gui,BufferSwitcherTransferable,Unutilized Abstraction
jEdit,org.gjt.sp.jedit.gui,BufferTransferableData,Cyclic-Dependent Modularization
jEdit,org.gjt.sp.jedit.gui,BufferSwitcherTransferHandler,Unutilized Abstraction
jEdit,org.gjt.sp.jedit.gui,CloseDialog,Unutilized Abstraction
jEdit,org.gjt.sp.jedit.gui,ActionHandler,Unutilized Abstraction
jEdit,org.gjt.sp.jedit.gui,ListHandler,Unutilized Abstraction
jEdit,org.gjt.sp.jedit.gui,ColorChooserDialog,Cyclic-Dependent Modularization
jEdit,org.gjt.sp.jedit.gui,ColorWellButton,Cyclic-Dependent Modularization
jEdit,org.gjt.sp.jedit.gui,ColorWell,Unutilized Abstraction
jEdit,org.gjt.sp.jedit.gui,ActionHandler,Unutilized Abstraction
jEdit,org.gjt.sp.jedit.gui,CompleteWord,Broken Hierarchy
jEdit,org.gjt.sp.jedit.gui,Words,Unutilized Abstraction
jEdit,org.gjt.sp.jedit.gui,CompletionPopup,Unutilized Abstraction
jEdit,org.gjt.sp.jedit.gui,CompletionPopup,Insufficient Modularization
jEdit,org.gjt.sp.jedit.gui,CandidateListModel,Unutilized Abstraction
jEdit,org.gjt.sp.jedit.gui,CellRenderer,Unutilized Abstraction
jEdit,org.gjt.sp.jedit.gui,KeyHandler,Unutilized Abstraction
jEdit,org.gjt.sp.jedit.gui,MouseHandler,Unutilized Abstraction
jEdit,org.gjt.sp.jedit.gui,WindowFocusHandler,Unutilized Abstraction
jEdit,org.gjt.sp.jedit.gui,ContextAddDialog,Unutilized Abstraction
jEdit,org.gjt.sp.jedit.gui,ContextAddDialog,Cyclic-Dependent Modularization
jEdit,org.gjt.sp.jedit.gui,ActionHandler,Unutilized Abstraction
jEdit,org.gjt.sp.jedit.gui,DefaultFocusComponent,Unutilized Abstraction
jEdit,org.gjt.sp.jedit.gui,DockableLayout,Cyclic-Dependent Modularization
jEdit,org.gjt.sp.jedit.gui,ResizeMouseHandler,Unutilized Abstraction
jEdit,org.gjt.sp.jedit.gui,DockableWindow,Unutilized Abstraction
jEdit,org.gjt.sp.jedit.gui,DockableWindowContainer,Cyclic-Dependent Modularization
jEdit,org.gjt.sp.jedit.gui,DockableWindowFactory,Cyclic-Dependent Modularization
jEdit,org.gjt.sp.jedit.gui,DockableWindowFactory,Insufficient Modularization
jEdit,org.gjt.sp.jedit.gui,DockableListHandler,Unutilized Abstraction
jEdit,org.gjt.sp.jedit.gui,Window,Cyclic-Dependent Modularization
jEdit,org.gjt.sp.jedit.gui,OpenAction,Unutilized Abstraction
jEdit,org.gjt.sp.jedit.gui,ToggleAction,Unutilized Abstraction
jEdit,org.gjt.sp.jedit.gui,FloatAction,Unutilized Abstraction
jEdit,org.gjt.sp.jedit.gui,DockableWindowManager,Deficient Encapsulation
jEdit,org.gjt.sp.jedit.gui,DockableWindowManager,Cyclic-Dependent Modularization
jEdit,org.gjt.sp.jedit.gui,DockableWindowManager,Insufficient Modularization
jEdit,org.gjt.sp.jedit.gui,DockingArea,Unutilized Abstraction
jEdit,org.gjt.sp.jedit.gui,KeyHandler,Unutilized Abstraction
jEdit,org.gjt.sp.jedit.gui,DockingLayout,Deficient Encapsulation
jEdit,org.gjt.sp.jedit.gui,DockingLayout,Cyclic-Dependent Modularization
jEdit,org.gjt.sp.jedit.gui,DockableWindowManagerImpl,Deficient Encapsulation
jEdit,org.gjt.sp.jedit.gui,DockableWindowManagerImpl,Cyclic-Dependent Modularization
jEdit,org.gjt.sp.jedit.gui,DockableWindowManagerImpl,Insufficient Modularization
jEdit,org.gjt.sp.jedit.gui,DockableWindowConfig,Deficient Encapsulation
jEdit,org.gjt.sp.jedit.gui,PerspectiveHandler,Unutilized Abstraction
jEdit,org.gjt.sp.jedit.gui,Entry,Cyclic-Dependent Modularization
jEdit,org.gjt.sp.jedit.gui,DockableWindowManagerProvider,Unutilized Abstraction
jEdit,org.gjt.sp.jedit.gui,DockingFrameworkProvider,Cyclic-Dependent Modularization
jEdit,org.gjt.sp.jedit.gui,DockingLayoutManager,Unexploited Encapsulation
jEdit,org.gjt.sp.jedit.gui,DockingLayoutManager,Missing Hierarchy
jEdit,org.gjt.sp.jedit.gui,DockingLayoutManager,Cyclic-Dependent Modularization
jEdit,org.gjt.sp.jedit.gui,LoadPerspectiveAction,Unutilized Abstraction
jEdit,org.gjt.sp.jedit.gui,DropShadowBorder,Unutilized Abstraction
jEdit,org.gjt.sp.jedit.gui,DynamicContextMenuService,Cyclic-Dependent Modularization
jEdit,org.gjt.sp.jedit.gui,ActionHandler,Unutilized Abstraction
jEdit,org.gjt.sp.jedit.gui,KeyHandler,Unutilized Abstraction
jEdit,org.gjt.sp.jedit.gui,EnhancedButton,Broken Hierarchy
jEdit,org.gjt.sp.jedit.gui,EnhancedButton,Cyclic-Dependent Modularization
jEdit,org.gjt.sp.jedit.gui,EnhancedDialog,Unutilized Abstraction
jEdit,org.gjt.sp.jedit.gui,EnhancedDialog,Wide Hierarchy
jEdit,org.gjt.sp.jedit.gui,ContainerHandler,Unutilized Abstraction
jEdit,org.gjt.sp.jedit.gui,KeyHandler,Unutilized Abstraction
jEdit,org.gjt.sp.jedit.gui,WindowHandler,Unutilized Abstraction
jEdit,org.gjt.sp.jedit.gui,ErrorListDialog,Unutilized Abstraction
jEdit,org.gjt.sp.jedit.gui,ErrorListDialog,Cyclic-Dependent Modularization
jEdit,org.gjt.sp.jedit.gui,ErrorEntry,Cyclic-Dependent Modularization
jEdit,org.gjt.sp.jedit.gui,JTextPaneSized,Unutilized Abstraction
jEdit,org.gjt.sp.jedit.gui,ActionHandler,Unutilized Abstraction
jEdit,org.gjt.sp.jedit.gui,ExtendedGridLayout,Unutilized Abstraction
jEdit,org.gjt.sp.jedit.gui,ExtendedGridLayout,Insufficient Modularization
jEdit,org.gjt.sp.jedit.gui,ExtendedGridLayoutConstraints,Deficient Encapsulation
jEdit,org.gjt.sp.jedit.gui,FilePropertiesDialog,Unutilized Abstraction
jEdit,org.gjt.sp.jedit.gui,FilesChangedDialog,Unutilized Abstraction
jEdit,org.gjt.sp.jedit.gui,ActionHandler,Unutilized Abstraction
jEdit,org.gjt.sp.jedit.gui,TreeHandler,Unutilized Abstraction
jEdit,org.gjt.sp.jedit.gui,Renderer,Unutilized Abstraction
jEdit,org.gjt.sp.jedit.gui,FloatingWindowContainer,Cyclic-Dependent Modularization
jEdit,org.gjt.sp.jedit.gui,MouseHandler,Unutilized Abstraction
jEdit,org.gjt.sp.jedit.gui,FontSelector,Cyclic-Dependent Modularization
jEdit,org.gjt.sp.jedit.gui,ActionHandler,Unutilized Abstraction
jEdit,org.gjt.sp.jedit.gui,FontSelectorDialog,Unutilized Abstraction
jEdit,org.gjt.sp.jedit.gui,ActionHandler,Unutilized Abstraction
jEdit,org.gjt.sp.jedit.gui,ListHandler,Unutilized Abstraction
jEdit,org.gjt.sp.jedit.gui,GrabKeyDialog,Deficient Encapsulation
jEdit,org.gjt.sp.jedit.gui,GrabKeyDialog,Cyclic-Dependent Modularization
jEdit,org.gjt.sp.jedit.gui,KeyBinding,Deficient Encapsulation
jEdit,org.gjt.sp.jedit.gui,InputPane,Cyclic-Dependent Modularization
jEdit,org.gjt.sp.jedit.gui,ActionHandler,Unutilized Abstraction
jEdit,org.gjt.sp.jedit.gui,HistoryText,Cyclic-Dependent Modularization
jEdit,org.gjt.sp.jedit.gui,HistoryText,Insufficient Modularization
jEdit,org.gjt.sp.jedit.gui,ActionHandler,Unutilized Abstraction
jEdit,org.gjt.sp.jedit.gui,HistoryTextArea,Cyclic-Dependent Modularization
jEdit,org.gjt.sp.jedit.gui,HistoryTextField,Cyclic-Dependent Modularization
jEdit,org.gjt.sp.jedit.gui,HistoryTextField,Insufficient Modularization
jEdit,org.gjt.sp.jedit.gui,MouseHandler,Unutilized Abstraction
jEdit,org.gjt.sp.jedit.gui,HistoryBorder,Unutilized Abstraction
jEdit,org.gjt.sp.jedit.gui,InputHandler,Cyclic-Dependent Modularization
jEdit,org.gjt.sp.jedit.gui,Entry,Unutilized Abstraction
jEdit,org.gjt.sp.jedit.gui,DummyRenderer,Unutilized Abstraction
jEdit,org.gjt.sp.jedit.gui,LabelRenderer,Unutilized Abstraction
jEdit,org.gjt.sp.jedit.gui,KeyEventTranslator,Deficient Encapsulation
jEdit,org.gjt.sp.jedit.gui,Key,Deficient Encapsulation
jEdit,org.gjt.sp.jedit.gui,KeyEventWorkaround,Insufficient Modularization
jEdit,org.gjt.sp.jedit.gui,ListModelEditor,Unutilized Abstraction
jEdit,org.gjt.sp.jedit.gui,LogViewer,Unutilized Abstraction
jEdit,org.gjt.sp.jedit.gui,LogViewer,Cyclic-Dependent Modularization
jEdit,org.gjt.sp.jedit.gui,LogViewer,Insufficient Modularization
jEdit,org.gjt.sp.jedit.gui,ActionHandler,Unutilized Abstraction
jEdit,org.gjt.sp.jedit.gui,ListHandler,Unutilized Abstraction
jEdit,org.gjt.sp.jedit.gui,LogList,Unutilized Abstraction
jEdit,org.gjt.sp.jedit.gui,MyFilteredListModel,Unutilized Abstraction
jEdit,org.gjt.sp.jedit.gui,LogSettings,Cyclic-Dependent Modularization
jEdit,org.gjt.sp.jedit.gui,MarkerViewer,Unutilized Abstraction
jEdit,org.gjt.sp.jedit.gui,Renderer,Unutilized Abstraction
jEdit,org.gjt.sp.jedit.gui,MouseHandler,Unutilized Abstraction
jEdit,org.gjt.sp.jedit.gui,KeyHandler,Unutilized Abstraction
jEdit,org.gjt.sp.jedit.gui,IntegerDocumentFilter,Unutilized Abstraction
jEdit,org.gjt.sp.jedit.gui,FloatDocumentFilter,Unutilized Abstraction
jEdit,org.gjt.sp.jedit.gui,OptionsDialog,Unutilized Abstraction
jEdit,org.gjt.sp.jedit.gui,OptionsDialog,Missing Hierarchy
jEdit,org.gjt.sp.jedit.gui,PaneNameRenderer,Unutilized Abstraction
jEdit,org.gjt.sp.jedit.gui,PaneNameRenderer,Broken Hierarchy
jEdit,org.gjt.sp.jedit.gui,PaneNameRenderer,Missing Hierarchy
jEdit,org.gjt.sp.jedit.gui,OptionTreeModel,Cyclic Hierarchy
jEdit,org.gjt.sp.jedit.gui,PanelWindowContainer,Deficient Encapsulation
jEdit,org.gjt.sp.jedit.gui,PanelWindowContainer,Cyclic-Dependent Modularization
jEdit,org.gjt.sp.jedit.gui,PanelWindowContainer,Insufficient Modularization
jEdit,org.gjt.sp.jedit.gui,DockableWindowCompare,Unutilized Abstraction
jEdit,org.gjt.sp.jedit.gui,ActionHandler,Unutilized Abstraction
jEdit,org.gjt.sp.jedit.gui,MenuMouseHandler,Unutilized Abstraction
jEdit,org.gjt.sp.jedit.gui,DockBorder,Unutilized Abstraction
jEdit,org.gjt.sp.jedit.gui,RotatedTextIcon,Deficient Encapsulation
jEdit,org.gjt.sp.jedit.gui,ButtonLayout,Unutilized Abstraction
jEdit,org.gjt.sp.jedit.gui,PasteFromListDialog,Unutilized Abstraction
jEdit,org.gjt.sp.jedit.gui,Renderer,Unutilized Abstraction
jEdit,org.gjt.sp.jedit.gui,ActionHandler,Unutilized Abstraction
jEdit,org.gjt.sp.jedit.gui,ListHandler,Unutilized Abstraction
jEdit,org.gjt.sp.jedit.gui,MouseHandler,Unutilized Abstraction
jEdit,org.gjt.sp.jedit.gui,PasteSpecialDialog,Unutilized Abstraction
jEdit,org.gjt.sp.jedit.gui,PingPongList,Deficient Encapsulation
jEdit,org.gjt.sp.jedit.gui,PingPongList,Insufficient Modularization
jEdit,org.gjt.sp.jedit.gui,MyTransferable,Deficient Encapsulation
jEdit,org.gjt.sp.jedit.gui,ActionHandler,Unutilized Abstraction
jEdit,org.gjt.sp.jedit.gui,MyListDataListener,Unutilized Abstraction
jEdit,org.gjt.sp.jedit.gui,RegisterViewer,Unutilized Abstraction
jEdit,org.gjt.sp.jedit.gui,Renderer,Unutilized Abstraction
jEdit,org.gjt.sp.jedit.gui,ListHandler,Unutilized Abstraction
jEdit,org.gjt.sp.jedit.gui,MouseHandler,Unutilized Abstraction
jEdit,org.gjt.sp.jedit.gui,DocumentHandler,Unutilized Abstraction
jEdit,org.gjt.sp.jedit.gui,FocusHandler,Unutilized Abstraction
jEdit,org.gjt.sp.jedit.gui,EscapeHandler,Unutilized Abstraction
jEdit,org.gjt.sp.jedit.gui,TabHandler,Unutilized Abstraction
jEdit,org.gjt.sp.jedit.gui,InsertHandler,Unutilized Abstraction
jEdit,org.gjt.sp.jedit.gui,ClearHandler,Unutilized Abstraction
jEdit,org.gjt.sp.jedit.gui,MouseOverHandler,Unutilized Abstraction
jEdit,org.gjt.sp.jedit.gui,SelectLineRange,Unutilized Abstraction
jEdit,org.gjt.sp.jedit.gui,SplashScreen,Cyclic-Dependent Modularization
jEdit,org.gjt.sp.jedit.gui,StatusBar,Cyclic-Dependent Modularization
jEdit,org.gjt.sp.jedit.gui,StatusBar,Insufficient Modularization
jEdit,org.gjt.sp.jedit.gui,TaskHandler,Cyclic-Dependent Modularization
jEdit,org.gjt.sp.jedit.gui,MouseHandler,Unutilized Abstraction
jEdit,org.gjt.sp.jedit.gui,StyleEditor,Unutilized Abstraction
jEdit,org.gjt.sp.jedit.gui,TaskMonitor,Unutilized Abstraction
jEdit,org.gjt.sp.jedit.gui,TaskMonitor,Insufficient Modularization
jEdit,org.gjt.sp.jedit.gui,TaskCellRenderer,Unutilized Abstraction
jEdit,org.gjt.sp.jedit.gui,TaskTableEditor,Unutilized Abstraction
jEdit,org.gjt.sp.jedit.gui,TextAreaDialog,Unutilized Abstraction
jEdit,org.gjt.sp.jedit.gui,ActionHandler,Unutilized Abstraction
jEdit,org.gjt.sp.jedit.gui,TipOfTheDay,Unutilized Abstraction
jEdit,org.gjt.sp.jedit.gui,ActionHandler,Unutilized Abstraction
jEdit,org.gjt.sp.jedit.gui,ToolBarManager,Cyclic-Dependent Modularization
jEdit,org.gjt.sp.jedit.gui,Entry,Unutilized Abstraction
jEdit,org.gjt.sp.jedit.gui,VariableGridLayout,Deficient Encapsulation
jEdit,org.gjt.sp.jedit.gui.statusbar,BufferSetWidgetFactory,Unutilized Abstraction
jEdit,org.gjt.sp.jedit.gui.statusbar,BufferSetWidgetFactory,Missing Hierarchy
jEdit,org.gjt.sp.jedit.gui.statusbar,BufferSetWidget,Unutilized Abstraction
jEdit,org.gjt.sp.jedit.gui.statusbar,BufferSetWidget,Missing Hierarchy
jEdit,org.gjt.sp.jedit.gui.statusbar,ClockWidgetFactory,Unutilized Abstraction
jEdit,org.gjt.sp.jedit.gui.statusbar,ClockWidget,Unutilized Abstraction
jEdit,org.gjt.sp.jedit.gui.statusbar,EncodingWidgetFactory,Unutilized Abstraction
jEdit,org.gjt.sp.jedit.gui.statusbar,ErrorsWidgetFactory,Unutilized Abstraction
jEdit,org.gjt.sp.jedit.gui.statusbar,ErrorWidget,Unutilized Abstraction
jEdit,org.gjt.sp.jedit.gui.statusbar,MyMouseAdapter,Unutilized Abstraction
jEdit,org.gjt.sp.jedit.gui.statusbar,ErrorDialog,Unutilized Abstraction
jEdit,org.gjt.sp.jedit.gui.statusbar,MyActionListener,Unutilized Abstraction
jEdit,org.gjt.sp.jedit.gui.statusbar,FoldWidgetFactory,Unutilized Abstraction
jEdit,org.gjt.sp.jedit.gui.statusbar,FoldWidget,Unutilized Abstraction
jEdit,org.gjt.sp.jedit.gui.statusbar,HoverSetStatusMouseHandler,Unutilized Abstraction
jEdit,org.gjt.sp.jedit.gui.statusbar,IndentWidgetFactory,Unutilized Abstraction
jEdit,org.gjt.sp.jedit.gui.statusbar,IndentWidget,Unutilized Abstraction
jEdit,org.gjt.sp.jedit.gui.statusbar,LastModifiedWidgetFactory,Unutilized Abstraction
jEdit,org.gjt.sp.jedit.gui.statusbar,LastModifiedWidget,Unutilized Abstraction
jEdit,org.gjt.sp.jedit.gui.statusbar,LineSepWidgetFactory,Unutilized Abstraction
jEdit,org.gjt.sp.jedit.gui.statusbar,LineSepWidget,Unutilized Abstraction
jEdit,org.gjt.sp.jedit.gui.statusbar,LockedWidgetFactory,Unutilized Abstraction
jEdit,org.gjt.sp.jedit.gui.statusbar,LockedWidget,Unutilized Abstraction
jEdit,org.gjt.sp.jedit.gui.statusbar,MemoryStatusWidgetFactory,Unutilized Abstraction
jEdit,org.gjt.sp.jedit.gui.statusbar,MemoryStatusWidget,Unutilized Abstraction
jEdit,org.gjt.sp.jedit.gui.statusbar,MouseHandler,Unutilized Abstraction
jEdit,org.gjt.sp.jedit.gui.statusbar,ModeWidgetFactory,Unutilized Abstraction
jEdit,org.gjt.sp.jedit.gui.statusbar,MultiSelectWidgetFactory,Unutilized Abstraction
jEdit,org.gjt.sp.jedit.gui.statusbar,MultiSelectWidget,Unutilized Abstraction
jEdit,org.gjt.sp.jedit.gui.statusbar,OverwriteWidgetFactory,Unutilized Abstraction
jEdit,org.gjt.sp.jedit.gui.statusbar,OverwriteWidget,Unutilized Abstraction
jEdit,org.gjt.sp.jedit.gui.statusbar,RectSelectWidgetFactory,Unutilized Abstraction
jEdit,org.gjt.sp.jedit.gui.statusbar,RectSelectWidget,Unutilized Abstraction
jEdit,org.gjt.sp.jedit.gui.statusbar,SelectionLengthWidgetFactory,Unutilized Abstraction
jEdit,org.gjt.sp.jedit.gui.statusbar,SelectionLengthWidget,Unutilized Abstraction
jEdit,org.gjt.sp.jedit.gui.statusbar,StatusWidgetFactory,Wide Hierarchy
jEdit,org.gjt.sp.jedit.gui.statusbar,StatusWidgetFactory,Cyclic-Dependent Modularization
jEdit,org.gjt.sp.jedit.gui.statusbar,TaskMonitorWidgetFactory,Unutilized Abstraction
jEdit,org.gjt.sp.jedit.gui.statusbar,TaskMonitorWidget,Unutilized Abstraction
jEdit,org.gjt.sp.jedit.gui.statusbar,Widget,Wide Hierarchy
jEdit,org.gjt.sp.jedit.gui.statusbar,WrapWidgetFactory,Unutilized Abstraction
jEdit,org.gjt.sp.jedit.gui.statusbar,WrapWidget,Unutilized Abstraction
jEdit,org.gjt.sp.jedit.gui.tray,JEditSwingTrayIcon,Unutilized Abstraction
jEdit,org.gjt.sp.jedit.gui.tray,JEditSwingTrayIcon,Broken Hierarchy
jEdit,org.gjt.sp.jedit.gui.tray,MyMouseAdapter,Unutilized Abstraction
jEdit,org.gjt.sp.jedit.gui.tray,MyActionListener,Unutilized Abstraction
jEdit,org.gjt.sp.jedit.gui.tray,JEditTrayIcon,Unutilized Abstraction
jEdit,org.gjt.sp.jedit.gui.tray,JTrayIcon,Unutilized Abstraction
jEdit,org.gjt.sp.jedit.gui.tray,MyMouseListener,Unutilized Abstraction
jEdit,org.gjt.sp.jedit.gui.tray,MyPopupMenuListener,Unutilized Abstraction
jEdit,org.gjt.sp.jedit.gui.tray,JTrayIconManager,Cyclic-Dependent Modularization
jEdit,org.gjt.sp.jedit.help,HelpHistoryModel,Cyclic-Dependent Modularization
jEdit,org.gjt.sp.jedit.help,HelpSearchPanel,Unutilized Abstraction
jEdit,org.gjt.sp.jedit.help,ResultIcon,Unutilized Abstraction
jEdit,org.gjt.sp.jedit.help,ResultRenderer,Unutilized Abstraction
jEdit,org.gjt.sp.jedit.help,ResultCompare,Unutilized Abstraction
jEdit,org.gjt.sp.jedit.help,ActionHandler,Unutilized Abstraction
jEdit,org.gjt.sp.jedit.help,MouseHandler,Unutilized Abstraction
jEdit,org.gjt.sp.jedit.help,HelpTOCLoader,Deficient Encapsulation
jEdit,org.gjt.sp.jedit.help,HelpNode,Deficient Encapsulation
jEdit,org.gjt.sp.jedit.help,TOCHandler,Unutilized Abstraction
jEdit,org.gjt.sp.jedit.help,PluginCompare,Unutilized Abstraction
jEdit,org.gjt.sp.jedit.help,TOCCellRenderer,Unutilized Abstraction
jEdit,org.gjt.sp.jedit.help,HelpViewer,Cyclic-Dependent Modularization
jEdit,org.gjt.sp.jedit.help,HelpViewer,Insufficient Modularization
jEdit,org.gjt.sp.jedit.help,ActionHandler,Unutilized Abstraction
jEdit,org.gjt.sp.jedit.help,LinkHandler,Unutilized Abstraction
jEdit,org.gjt.sp.jedit.help,PropertyChangeHandler,Unutilized Abstraction
jEdit,org.gjt.sp.jedit.help,KeyHandler,Unutilized Abstraction
jEdit,org.gjt.sp.jedit.help,MouseHandler,Unutilized Abstraction
jEdit,org.gjt.sp.jedit.help,HistoryButton,Deficient Encapsulation
jEdit,org.gjt.sp.jedit.help,HistoryButton,Cyclic-Dependent Modularization
jEdit,org.gjt.sp.jedit.help,DropActionHandler,Unutilized Abstraction
jEdit,org.gjt.sp.jedit.help,HistoryListActionHandler,Unutilized Abstraction
jEdit,org.gjt.sp.jedit.indent,BracketIndentRule,Unutilized Abstraction
jEdit,org.gjt.sp.jedit.indent,BracketIndentRule,Deficient Encapsulation
jEdit,org.gjt.sp.jedit.indent,BracketIndentRule,Broken Hierarchy
jEdit,org.gjt.sp.jedit.indent,Brackets,Unnecessary Abstraction
jEdit,org.gjt.sp.jedit.indent,LineScanner,Deficient Encapsulation
jEdit,org.gjt.sp.jedit.indent,CloseBracketIndentRule,Unutilized Abstraction
jEdit,org.gjt.sp.jedit.indent,CloseBracketIndentRule,Broken Hierarchy
jEdit,org.gjt.sp.jedit.indent,DeepIndentRule,Unutilized Abstraction
jEdit,org.gjt.sp.jedit.indent,IndentAction,Cyclic-Dependent Modularization
jEdit,org.gjt.sp.jedit.indent,Collapse,Cyclic-Dependent Modularization
jEdit,org.gjt.sp.jedit.indent,Reset,Unutilized Abstraction
jEdit,org.gjt.sp.jedit.indent,Increase,Unutilized Abstraction
jEdit,org.gjt.sp.jedit.indent,Decrease,Unutilized Abstraction
jEdit,org.gjt.sp.jedit.indent,AlignOffset,Unutilized Abstraction
jEdit,org.gjt.sp.jedit.indent,AlignParameter,Unutilized Abstraction
jEdit,org.gjt.sp.jedit.indent,NoIncrease,Unutilized Abstraction
jEdit,org.gjt.sp.jedit.indent,IndentRule,Cyclic-Dependent Modularization
jEdit,org.gjt.sp.jedit.indent,IndentRuleFactory,Cyclic-Dependent Modularization
jEdit,org.gjt.sp.jedit.indent,OpenBracketIndentRule,Unutilized Abstraction
jEdit,org.gjt.sp.jedit.indent,OpenBracketIndentRule,Broken Hierarchy
jEdit,org.gjt.sp.jedit.indent,RegexpIndentRule,Unutilized Abstraction
jEdit,org.gjt.sp.jedit.indent,WhitespaceRule,Unutilized Abstraction
jEdit,org.gjt.sp.jedit.input,AbstractInputHandler,Deficient Encapsulation
jEdit,org.gjt.sp.jedit.input,DefaultInputHandlerProvider,Unutilized Abstraction
jEdit,org.gjt.sp.jedit.input,TextAreaInputHandler,Unutilized Abstraction
jEdit,org.gjt.sp.jedit.io,AutoDetection,Cyclic-Dependent Modularization
jEdit,org.gjt.sp.jedit.io,Result,Cyclic-Dependent Modularization
jEdit,org.gjt.sp.jedit.io,CopyFileWorker,Cyclic-Dependent Modularization
jEdit,org.gjt.sp.jedit.io,EncodingServer,Cyclic-Dependent Modularization
jEdit,org.gjt.sp.jedit.io,EncodingWithBOM,Unutilized Abstraction
jEdit,org.gjt.sp.jedit.io,Detector,Unutilized Abstraction
jEdit,org.gjt.sp.jedit.io,FavoritesVFS,Deficient Encapsulation
jEdit,org.gjt.sp.jedit.io,FavoritesVFS,Cyclic-Dependent Modularization
jEdit,org.gjt.sp.jedit.io,Favorite,Cyclic-Dependent Modularization
jEdit,org.gjt.sp.jedit.io,FileRootsVFS,Deficient Encapsulation
jEdit,org.gjt.sp.jedit.io,FileRootsVFS,Cyclic-Dependent Modularization
jEdit,org.gjt.sp.jedit.io,Root,Unutilized Abstraction
jEdit,org.gjt.sp.jedit.io,FileVFS,Deficient Encapsulation
jEdit,org.gjt.sp.jedit.io,FileVFS,Cyclic-Dependent Modularization
jEdit,org.gjt.sp.jedit.io,FileVFS,Insufficient Modularization
jEdit,org.gjt.sp.jedit.io,LocalFile,Unutilized Abstraction
jEdit,org.gjt.sp.jedit.io,LocalFile,Deficient Encapsulation
jEdit,org.gjt.sp.jedit.io,GlobVFSFileFilter,Cyclic-Dependent Modularization
jEdit,org.gjt.sp.jedit.io,LocalFileSaveTask,Unutilized Abstraction
jEdit,org.gjt.sp.jedit.io,RegexEncodingDetector,Deficient Encapsulation
jEdit,org.gjt.sp.jedit.io,UrlVFS,Unutilized Abstraction
jEdit,org.gjt.sp.jedit.io,VFS,Deficient Encapsulation
jEdit,org.gjt.sp.jedit.io,VFS,Cyclic-Dependent Modularization
jEdit,org.gjt.sp.jedit.io,VFS,Insufficient Modularization
jEdit,org.gjt.sp.jedit.io,DirectoryEntryCompare,Unutilized Abstraction
jEdit,org.gjt.sp.jedit.io,ColorEntry,Unutilized Abstraction
jEdit,org.gjt.sp.jedit.io,VFSFile,Deficient Encapsulation
jEdit,org.gjt.sp.jedit.io,VFSFile,Cyclic-Dependent Modularization
jEdit,org.gjt.sp.jedit.io,VFSFile,Insufficient Modularization
jEdit,org.gjt.sp.jedit.io,VFSFileFilter,Cyclic-Dependent Modularization
jEdit,org.gjt.sp.jedit.io,VFSManager,Deficient Encapsulation
jEdit,org.gjt.sp.jedit.io,VFSManager,Cyclic-Dependent Modularization
jEdit,org.gjt.sp.jedit.io,VFSManager,Insufficient Modularization
jEdit,org.gjt.sp.jedit.io,SendVFSUpdatesSafely,Unutilized Abstraction
jEdit,org.gjt.sp.jedit.io,ErrorDisplayer,Unutilized Abstraction
jEdit,org.gjt.sp.jedit.menu,DirectoryProvider,Unutilized Abstraction
jEdit,org.gjt.sp.jedit.menu,EnhancedCheckBoxMenuItem,Unutilized Abstraction
jEdit,org.gjt.sp.jedit.menu,Model,Unutilized Abstraction
jEdit,org.gjt.sp.jedit.menu,EnhancedMenu,Unutilized Abstraction
jEdit,org.gjt.sp.jedit.menu,FavoritesProvider,Unutilized Abstraction
jEdit,org.gjt.sp.jedit.menu,MacrosProvider,Unutilized Abstraction
jEdit,org.gjt.sp.jedit.menu,MarkersProvider,Unutilized Abstraction
jEdit,org.gjt.sp.jedit.menu,MarkersMenuItem,Unutilized Abstraction
jEdit,org.gjt.sp.jedit.menu,MenuItemTextComparator,Unutilized Abstraction
jEdit,org.gjt.sp.jedit.menu,PluginsProvider,Unutilized Abstraction
jEdit,org.gjt.sp.jedit.menu,RecentDirectoriesProvider,Unutilized Abstraction
jEdit,org.gjt.sp.jedit.menu,RecentFilesProvider,Unutilized Abstraction
jEdit,org.gjt.sp.jedit.menu,ReloadWithEncodingProvider,Unutilized Abstraction
jEdit,org.gjt.sp.jedit.msg,BufferChanging,Unutilized Abstraction
jEdit,org.gjt.sp.jedit.msg,BufferChanging,Broken Hierarchy
jEdit,org.gjt.sp.jedit.msg,BufferUpdate,Deficient Encapsulation
jEdit,org.gjt.sp.jedit.msg,BufferUpdate,Cyclic-Dependent Modularization
jEdit,org.gjt.sp.jedit.msg,DockableWindowUpdate,Deficient Encapsulation
jEdit,org.gjt.sp.jedit.msg,DockableWindowUpdate,Cyclic-Dependent Modularization
jEdit,org.gjt.sp.jedit.msg,EditorExiting,Unutilized Abstraction
jEdit,org.gjt.sp.jedit.msg,EditorExiting,Broken Hierarchy
jEdit,org.gjt.sp.jedit.msg,EditorExitRequested,Broken Hierarchy
jEdit,org.gjt.sp.jedit.msg,EditorExitRequested,Cyclic-Dependent Modularization
jEdit,org.gjt.sp.jedit.msg,EditorStarted,Unutilized Abstraction
jEdit,org.gjt.sp.jedit.msg,EditorStarted,Broken Hierarchy
jEdit,org.gjt.sp.jedit.msg,EditPaneUpdate,Deficient Encapsulation
jEdit,org.gjt.sp.jedit.msg,EditPaneUpdate,Cyclic-Dependent Modularization
jEdit,org.gjt.sp.jedit.msg,PluginUpdate,Deficient Encapsulation
jEdit,org.gjt.sp.jedit.msg,PluginUpdate,Cyclic-Dependent Modularization
jEdit,org.gjt.sp.jedit.msg,PositionChanging,Unutilized Abstraction
jEdit,org.gjt.sp.jedit.msg,PositionChanging,Broken Hierarchy
jEdit,org.gjt.sp.jedit.msg,PropertiesChanged,Broken Hierarchy
jEdit,org.gjt.sp.jedit.msg,PropertiesChanging,Broken Hierarchy
jEdit,org.gjt.sp.jedit.msg,SearchSettingsChanged,Broken Hierarchy
jEdit,org.gjt.sp.jedit.msg,VFSPathSelected,Unutilized Abstraction
jEdit,org.gjt.sp.jedit.msg,VFSPathSelected,Broken Hierarchy
jEdit,org.gjt.sp.jedit.msg,ViewUpdate,Deficient Encapsulation
jEdit,org.gjt.sp.jedit.msg,ViewUpdate,Cyclic-Dependent Modularization
jEdit,org.gjt.sp.jedit.options,AbbrevsOptionPane,Unutilized Abstraction
jEdit,org.gjt.sp.jedit.options,AbbrevsOptionPane,Broken Hierarchy
jEdit,org.gjt.sp.jedit.options,HeaderMouseHandler,Unutilized Abstraction
jEdit,org.gjt.sp.jedit.options,TableMouseHandler,Unutilized Abstraction
jEdit,org.gjt.sp.jedit.options,SelectionHandler,Unutilized Abstraction
jEdit,org.gjt.sp.jedit.options,Renderer,Unutilized Abstraction
jEdit,org.gjt.sp.jedit.options,AbbrevCompare,Unutilized Abstraction
jEdit,org.gjt.sp.jedit.options,AppearanceOptionPane,Unutilized Abstraction
jEdit,org.gjt.sp.jedit.options,AppearanceOptionPane,Deficient Encapsulation
jEdit,org.gjt.sp.jedit.options,AppearanceOptionPane,Broken Hierarchy
jEdit,org.gjt.sp.jedit.options,BrowserColorsOptionPane,Broken Hierarchy
jEdit,org.gjt.sp.jedit.options,SelectionHandler,Unutilized Abstraction
jEdit,org.gjt.sp.jedit.options,ActionHandler,Unutilized Abstraction
jEdit,org.gjt.sp.jedit.options,MouseHandler,Unutilized Abstraction
jEdit,org.gjt.sp.jedit.options,ColorRenderer,Unutilized Abstraction
jEdit,org.gjt.sp.jedit.options,BrowserContextOptionPane,Unutilized Abstraction
jEdit,org.gjt.sp.jedit.options,BrowserContextOptionPane,Broken Hierarchy
jEdit,org.gjt.sp.jedit.options,BrowserOptionPane,Unutilized Abstraction
jEdit,org.gjt.sp.jedit.options,BrowserOptionPane,Broken Hierarchy
jEdit,org.gjt.sp.jedit.options,BufferOptionPane,Broken Hierarchy
jEdit,org.gjt.sp.jedit.options,ActionHandler,Unutilized Abstraction
jEdit,org.gjt.sp.jedit.options,ContextOptionPane,Unutilized Abstraction
jEdit,org.gjt.sp.jedit.options,ContextOptionPane,Broken Hierarchy
jEdit,org.gjt.sp.jedit.options,DockingOptionPane,Deficient Encapsulation
jEdit,org.gjt.sp.jedit.options,DockingOptionPane,Broken Hierarchy
jEdit,org.gjt.sp.jedit.options,DockingOptionPane,Cyclic-Dependent Modularization
jEdit,org.gjt.sp.jedit.options,DockPositionCellRenderer,Cyclic-Dependent Modularization
jEdit,org.gjt.sp.jedit.options,WindowTableModel,Unutilized Abstraction
jEdit,org.gjt.sp.jedit.options,Entry,Unutilized Abstraction
jEdit,org.gjt.sp.jedit.options,WindowCompare,Unutilized Abstraction
jEdit,org.gjt.sp.jedit.options,EditingOptionPane,Unutilized Abstraction
jEdit,org.gjt.sp.jedit.options,EditingOptionPane,Broken Hierarchy
jEdit,org.gjt.sp.jedit.options,EditModesPane,Broken Hierarchy
jEdit,org.gjt.sp.jedit.options,ActionHandler,Unutilized Abstraction
jEdit,org.gjt.sp.jedit.options,MyCellRenderer,Unutilized Abstraction
jEdit,org.gjt.sp.jedit.options,MyListSelectionListener,Unutilized Abstraction
jEdit,org.gjt.sp.jedit.options,EncodingsOptionPane,Unutilized Abstraction
jEdit,org.gjt.sp.jedit.options,EncodingsOptionPane,Broken Hierarchy
jEdit,org.gjt.sp.jedit.options,FirewallOptionPane,Unutilized Abstraction
jEdit,org.gjt.sp.jedit.options,FirewallOptionPane,Broken Hierarchy
jEdit,org.gjt.sp.jedit.options,ActionHandler,Unutilized Abstraction
jEdit,org.gjt.sp.jedit.options,GeneralOptionPane,Deficient Encapsulation
jEdit,org.gjt.sp.jedit.options,GeneralOptionPane,Broken Hierarchy
jEdit,org.gjt.sp.jedit.options,GeneralOptionPane,Cyclic-Dependent Modularization
jEdit,org.gjt.sp.jedit.options,LangCellRenderer,Unutilized Abstraction
jEdit,org.gjt.sp.jedit.options,GlobalOptions,Unutilized Abstraction
jEdit,org.gjt.sp.jedit.options,GutterOptionPane,Broken Hierarchy
jEdit,org.gjt.sp.jedit.options,GutterOptionPane,Cyclic-Dependent Modularization
jEdit,org.gjt.sp.jedit.options,IntegerInputVerifier,Unutilized Abstraction
jEdit,org.gjt.sp.jedit.options,LargeFilesOptionPane,Unutilized Abstraction
jEdit,org.gjt.sp.jedit.options,LargeFilesOptionPane,Broken Hierarchy
jEdit,org.gjt.sp.jedit.options,ModeSettingsPane,Broken Hierarchy
jEdit,org.gjt.sp.jedit.options,ActionHandler,Unutilized Abstraction
jEdit,org.gjt.sp.jedit.options,MouseOptionPane,Unutilized Abstraction
jEdit,org.gjt.sp.jedit.options,MouseOptionPane,Broken Hierarchy
jEdit,org.gjt.sp.jedit.options,PluginManagerOptionPane,Unutilized Abstraction
jEdit,org.gjt.sp.jedit.options,PluginManagerOptionPane,Broken Hierarchy
jEdit,org.gjt.sp.jedit.options,SingleSelectionModel,Unutilized Abstraction
jEdit,org.gjt.sp.jedit.options,ActionHandler,Unutilized Abstraction
jEdit,org.gjt.sp.jedit.options,UpdateMirrorsThread,Unutilized Abstraction
jEdit,org.gjt.sp.jedit.options,PluginOptions,Unutilized Abstraction
jEdit,org.gjt.sp.jedit.options,PluginOptions,Broken Hierarchy
jEdit,org.gjt.sp.jedit.options,NoPluginsPane,Unutilized Abstraction
jEdit,org.gjt.sp.jedit.options,NoPluginsPane,Broken Hierarchy
jEdit,org.gjt.sp.jedit.options,PrintOptionPane,Unutilized Abstraction
jEdit,org.gjt.sp.jedit.options,PrintOptionPane,Broken Hierarchy
jEdit,org.gjt.sp.jedit.options,SaveBackupOptionPane,Unutilized Abstraction
jEdit,org.gjt.sp.jedit.options,SaveBackupOptionPane,Broken Hierarchy
jEdit,org.gjt.sp.jedit.options,MyActionListener,Unutilized Abstraction
jEdit,org.gjt.sp.jedit.options,MyActionListener2,Unutilized Abstraction
jEdit,org.gjt.sp.jedit.options,ShortcutsOptionPane,Deficient Encapsulation
jEdit,org.gjt.sp.jedit.options,ShortcutsOptionPane,Insufficient Modularization
jEdit,org.gjt.sp.jedit.options,HeaderMouseHandler,Unutilized Abstraction
jEdit,org.gjt.sp.jedit.options,TableMouseHandler,Unutilized Abstraction
jEdit,org.gjt.sp.jedit.options,ActionHandler,Imperative Abstraction
jEdit,org.gjt.sp.jedit.options,ActionHandler,Unutilized Abstraction
jEdit,org.gjt.sp.jedit.options,ShortcutsModel,Deficient Encapsulation
jEdit,org.gjt.sp.jedit.options,KeyCompare,Unutilized Abstraction
jEdit,org.gjt.sp.jedit.options,KeymapCellRenderer,Unutilized Abstraction
jEdit,org.gjt.sp.jedit.options,StatusBarOptionPane,Unutilized Abstraction
jEdit,org.gjt.sp.jedit.options,StatusBarOptionPane,Broken Hierarchy
jEdit,org.gjt.sp.jedit.options,ActionHandler,Imperative Abstraction
jEdit,org.gjt.sp.jedit.options,ActionHandler,Unutilized Abstraction
jEdit,org.gjt.sp.jedit.options,ListHandler,Unutilized Abstraction
jEdit,org.gjt.sp.jedit.options,WidgetListCellRenderer,Unutilized Abstraction
jEdit,org.gjt.sp.jedit.options,WidgetSelectionDialog,Unutilized Abstraction
jEdit,org.gjt.sp.jedit.options,ActionHandler,Unutilized Abstraction
jEdit,org.gjt.sp.jedit.options,SyntaxHiliteOptionPane,Deficient Encapsulation
jEdit,org.gjt.sp.jedit.options,SyntaxHiliteOptionPane,Cyclic-Dependent Modularization
jEdit,org.gjt.sp.jedit.options,MouseHandler,Unutilized Abstraction
jEdit,org.gjt.sp.jedit.options,StyleTableModel,Cyclic-Dependent Modularization
jEdit,org.gjt.sp.jedit.options,StyleRenderer,Unutilized Abstraction
jEdit,org.gjt.sp.jedit.options,TextAreaOptionPane,Unutilized Abstraction
jEdit,org.gjt.sp.jedit.options,FontItemRenderer,Unutilized Abstraction
jEdit,org.gjt.sp.jedit.options,ToolBarOptionPane,Broken Hierarchy
jEdit,org.gjt.sp.jedit.options,ButtonCompare,Unutilized Abstraction
jEdit,org.gjt.sp.jedit.options,ButtonCellRenderer,Unutilized Abstraction
jEdit,org.gjt.sp.jedit.options,IconCellRenderer,Unutilized Abstraction
jEdit,org.gjt.sp.jedit.options,ActionHandler,Imperative Abstraction
jEdit,org.gjt.sp.jedit.options,ActionHandler,Unutilized Abstraction
jEdit,org.gjt.sp.jedit.options,ListHandler,Unutilized Abstraction
jEdit,org.gjt.sp.jedit.options,ToolBarEditDialog,Unutilized Abstraction
jEdit,org.gjt.sp.jedit.options,ActionHandler,Unutilized Abstraction
jEdit,org.gjt.sp.jedit.options,ActionSetCompare,Unutilized Abstraction
jEdit,org.gjt.sp.jedit.options,UndoPane,Broken Hierarchy
jEdit,org.gjt.sp.jedit.options,ViewOptionPane,Unutilized Abstraction
jEdit,org.gjt.sp.jedit.options,ViewOptionPane,Broken Hierarchy
jEdit,org.gjt.sp.jedit.options,ActionHandler,Unutilized Abstraction
jEdit,org.gjt.sp.jedit.pluginmgr,InstallPanel,Cyclic-Dependent Modularization
jEdit,org.gjt.sp.jedit.pluginmgr,InstallPanel,Insufficient Modularization
jEdit,org.gjt.sp.jedit.pluginmgr,PluginTableModel,Cyclic-Dependent Modularization
jEdit,org.gjt.sp.jedit.pluginmgr,Entry,Cyclic-Dependent Modularization
jEdit,org.gjt.sp.jedit.pluginmgr,PluginInfoBox,Cyclic-Dependent Modularization
jEdit,org.gjt.sp.jedit.pluginmgr,SizeLabel,Unutilized Abstraction
jEdit,org.gjt.sp.jedit.pluginmgr,SelectallButton,Unutilized Abstraction
jEdit,org.gjt.sp.jedit.pluginmgr,StringMapHandler,Unutilized Abstraction
jEdit,org.gjt.sp.jedit.pluginmgr,ChoosePluginSet,Cyclic-Dependent Modularization
jEdit,org.gjt.sp.jedit.pluginmgr,ClearPluginSet,Unutilized Abstraction
jEdit,org.gjt.sp.jedit.pluginmgr,ClearPluginSet,Broken Hierarchy
jEdit,org.gjt.sp.jedit.pluginmgr,InstallButton,Unutilized Abstraction
jEdit,org.gjt.sp.jedit.pluginmgr,EntryCompare,Cyclic-Dependent Modularization
jEdit,org.gjt.sp.jedit.pluginmgr,TextRenderer,Unutilized Abstraction
jEdit,org.gjt.sp.jedit.pluginmgr,KeyboardAction,Unutilized Abstraction
jEdit,org.gjt.sp.jedit.pluginmgr,TableFocusHandler,Unutilized Abstraction
jEdit,org.gjt.sp.jedit.pluginmgr,HeaderRenderer,Unutilized Abstraction
jEdit,org.gjt.sp.jedit.pluginmgr,ManagePanel,Deficient Encapsulation
jEdit,org.gjt.sp.jedit.pluginmgr,ManagePanel,Cyclic-Dependent Modularization
jEdit,org.gjt.sp.jedit.pluginmgr,ManagePanel,Insufficient Modularization
jEdit,org.gjt.sp.jedit.pluginmgr,ManagePanelRestoreHandler,Unutilized Abstraction
jEdit,org.gjt.sp.jedit.pluginmgr,Entry,Unutilized Abstraction
jEdit,org.gjt.sp.jedit.pluginmgr,PluginTableModel,Unutilized Abstraction
jEdit,org.gjt.sp.jedit.pluginmgr,TextRenderer,Unutilized Abstraction
jEdit,org.gjt.sp.jedit.pluginmgr,HideLibrariesButton,Unutilized Abstraction
jEdit,org.gjt.sp.jedit.pluginmgr,RestoreButton,Unutilized Abstraction
jEdit,org.gjt.sp.jedit.pluginmgr,RestoreButton,Broken Hierarchy
jEdit,org.gjt.sp.jedit.pluginmgr,SaveButton,Unutilized Abstraction
jEdit,org.gjt.sp.jedit.pluginmgr,SaveButton,Broken Hierarchy
jEdit,org.gjt.sp.jedit.pluginmgr,RemoveButton,Unutilized Abstraction
jEdit,org.gjt.sp.jedit.pluginmgr,FindOrphan,Imperative Abstraction
jEdit,org.gjt.sp.jedit.pluginmgr,FindOrphan,Unutilized Abstraction
jEdit,org.gjt.sp.jedit.pluginmgr,HelpButton,Unutilized Abstraction
jEdit,org.gjt.sp.jedit.pluginmgr,EntryCompare,Unutilized Abstraction
jEdit,org.gjt.sp.jedit.pluginmgr,EntryCompare,Deficient Encapsulation
jEdit,org.gjt.sp.jedit.pluginmgr,HeaderMouseHandler,Unutilized Abstraction
jEdit,org.gjt.sp.jedit.pluginmgr,CleanupActionListener,Unutilized Abstraction
jEdit,org.gjt.sp.jedit.pluginmgr,KeyboardAction,Unutilized Abstraction
jEdit,org.gjt.sp.jedit.pluginmgr,TableFocusHandler,Unutilized Abstraction
jEdit,org.gjt.sp.jedit.pluginmgr,HeaderRenderer,Unutilized Abstraction
jEdit,org.gjt.sp.jedit.pluginmgr,TableSelectionListener,Unutilized Abstraction
jEdit,org.gjt.sp.jedit.pluginmgr,MirrorList,Deficient Encapsulation
jEdit,org.gjt.sp.jedit.pluginmgr,MirrorList,Cyclic-Dependent Modularization
jEdit,org.gjt.sp.jedit.pluginmgr,Mirror,Deficient Encapsulation
jEdit,org.gjt.sp.jedit.pluginmgr,Mirror,Broken Modularization
jEdit,org.gjt.sp.jedit.pluginmgr,MirrorCompare,Unutilized Abstraction
jEdit,org.gjt.sp.jedit.pluginmgr,MirrorListHandler,Unutilized Abstraction
jEdit,org.gjt.sp.jedit.pluginmgr,PluginDetailPanel,Unutilized Abstraction
jEdit,org.gjt.sp.jedit.pluginmgr,PluginList,Deficient Encapsulation
jEdit,org.gjt.sp.jedit.pluginmgr,PluginList,Cyclic-Dependent Modularization
jEdit,org.gjt.sp.jedit.pluginmgr,Plugin,Cyclic-Dependent Modularization
jEdit,org.gjt.sp.jedit.pluginmgr,Dependency,Cyclic-Dependent Modularization
jEdit,org.gjt.sp.jedit.pluginmgr,PluginListHandler,Unutilized Abstraction
jEdit,org.gjt.sp.jedit.pluginmgr,PluginManager,Deficient Encapsulation
jEdit,org.gjt.sp.jedit.pluginmgr,PluginManager,Cyclic-Dependent Modularization
jEdit,org.gjt.sp.jedit.pluginmgr,ActionHandler,Unutilized Abstraction
jEdit,org.gjt.sp.jedit.pluginmgr,ListUpdater,Unutilized Abstraction
jEdit,org.gjt.sp.jedit.pluginmgr,PluginManagerProgress,Unutilized Abstraction
jEdit,org.gjt.sp.jedit.pluginmgr,ActionHandler,Unutilized Abstraction
jEdit,org.gjt.sp.jedit.pluginmgr,WindowHandler,Unutilized Abstraction
jEdit,org.gjt.sp.jedit.pluginmgr,RosterThread,Unutilized Abstraction
jEdit,org.gjt.sp.jedit.pluginmgr,Remove,Unutilized Abstraction
jEdit,org.gjt.sp.jedit.pluginmgr,Install,Unutilized Abstraction
jEdit,org.gjt.sp.jedit.print,BasicPrintPreviewPaneUI,Unutilized Abstraction
jEdit,org.gjt.sp.jedit.print,BasicPrintPreviewPaneUI,Broken Hierarchy
jEdit,org.gjt.sp.jedit.print,BufferPrintable,Unutilized Abstraction
jEdit,org.gjt.sp.jedit.print,BufferPrintable1_7,Unutilized Abstraction
jEdit,org.gjt.sp.jedit.print,PrintTabExpander,Unutilized Abstraction
jEdit,org.gjt.sp.jedit.print,BufferPrinter1_7,Cyclic-Dependent Modularization
jEdit,org.gjt.sp.jedit.print,JobListener,Unutilized Abstraction
jEdit,org.gjt.sp.jedit.print,PageBreakExtension,Unutilized Abstraction
jEdit,org.gjt.sp.jedit.print,PageBreakExtension,Unexploited Encapsulation
jEdit,org.gjt.sp.jedit.print,PageBreakExtension,Missing Hierarchy
jEdit,org.gjt.sp.jedit.print,PrinterDialog,Deficient Encapsulation
jEdit,org.gjt.sp.jedit.print,PrinterDialog,Cyclic-Dependent Modularization
jEdit,org.gjt.sp.jedit.print,PrinterDialog,Insufficient Modularization
jEdit,org.gjt.sp.jedit.print,GeneralPanel,Unutilized Abstraction
jEdit,org.gjt.sp.jedit.print,PrintServiceCellRenderer,Unutilized Abstraction
jEdit,org.gjt.sp.jedit.print,PageSetupPanel,Cyclic-Dependent Modularization
jEdit,org.gjt.sp.jedit.print,SidesCellRenderer,Unutilized Abstraction
jEdit,org.gjt.sp.jedit.print,OrientationCellRenderer,Unutilized Abstraction
jEdit,org.gjt.sp.jedit.print,FinishingCellRenderer,Unutilized Abstraction
jEdit,org.gjt.sp.jedit.print,JobPanel,Unutilized Abstraction
jEdit,org.gjt.sp.jedit.print,Priority,Deficient Encapsulation
jEdit,org.gjt.sp.jedit.print,AdvancedPanel,Unutilized Abstraction
jEdit,org.gjt.sp.jedit.print,QualityCellRenderer,Unutilized Abstraction
jEdit,org.gjt.sp.jedit.print,ChromaticityCellRenderer,Unutilized Abstraction
jEdit,org.gjt.sp.jedit.print,jEditPanel,Unutilized Abstraction
jEdit,org.gjt.sp.jedit.print,MyButtonGroup,Unutilized Abstraction
jEdit,org.gjt.sp.jedit.print,PrintPreview,Unutilized Abstraction
jEdit,org.gjt.sp.jedit.print,PrintPreviewModel,Insufficient Modularization
jEdit,org.gjt.sp.jedit.print,PrintPreviewPaneUI,Unnecessary Abstraction
jEdit,org.gjt.sp.jedit.print,PrintPreviewPaneUI,Unutilized Abstraction
jEdit,org.gjt.sp.jedit.print,PrintRangeType,Deficient Encapsulation
jEdit,org.gjt.sp.jedit.proto.jeditresource,Handler,Unutilized Abstraction
jEdit,org.gjt.sp.jedit.search,AllBufferSet,Unutilized Abstraction
jEdit,org.gjt.sp.jedit.search,BufferListSet,Unutilized Abstraction
jEdit,org.gjt.sp.jedit.search,CurrentBufferSet,Unutilized Abstraction
jEdit,org.gjt.sp.jedit.search,DirectoryListSet,Unutilized Abstraction
jEdit,org.gjt.sp.jedit.search,DirectoryListSet,Cyclic-Dependent Modularization
jEdit,org.gjt.sp.jedit.search,HyperSearchFileNode,Deficient Encapsulation
jEdit,org.gjt.sp.jedit.search,HyperSearchFileNode,Cyclic-Dependent Modularization
jEdit,org.gjt.sp.jedit.search,HyperSearchNode,Cyclic-Dependent Modularization
jEdit,org.gjt.sp.jedit.search,HyperSearchOperationNode,Cyclic-Dependent Modularization
jEdit,org.gjt.sp.jedit.search,HyperSearchRequest,Unutilized Abstraction
jEdit,org.gjt.sp.jedit.search,HyperSearchResult,Deficient Encapsulation
jEdit,org.gjt.sp.jedit.search,HyperSearchResult,Cyclic-Dependent Modularization
jEdit,org.gjt.sp.jedit.search,Occur,Deficient Encapsulation
jEdit,org.gjt.sp.jedit.search,GotoDelayed,Unutilized Abstraction
jEdit,org.gjt.sp.jedit.search,HyperSearchResults,Unutilized Abstraction
jEdit,org.gjt.sp.jedit.search,HyperSearchResults,Deficient Encapsulation
jEdit,org.gjt.sp.jedit.search,HyperSearchResults,Unexploited Encapsulation
jEdit,org.gjt.sp.jedit.search,HyperSearchResults,Missing Hierarchy
jEdit,org.gjt.sp.jedit.search,HyperSearchResults,Cyclic-Dependent Modularization
jEdit,org.gjt.sp.jedit.search,HyperSearchResults,Insufficient Modularization
jEdit,org.gjt.sp.jedit.search,ActionHandler,Cyclic-Dependent Modularization
jEdit,org.gjt.sp.jedit.search,HighlightingTree,Unutilized Abstraction
jEdit,org.gjt.sp.jedit.search,KeyHandler,Unutilized Abstraction
jEdit,org.gjt.sp.jedit.search,MouseHandler,Unutilized Abstraction
jEdit,org.gjt.sp.jedit.search,MouseHandler,Unexploited Encapsulation
jEdit,org.gjt.sp.jedit.search,MouseHandler,Missing Hierarchy
jEdit,org.gjt.sp.jedit.search,RemoveTreeNodeAction,Unutilized Abstraction
jEdit,org.gjt.sp.jedit.search,RemoveAllTreeNodesAction,Unutilized Abstraction
jEdit,org.gjt.sp.jedit.search,NewSearchAction,Unutilized Abstraction
jEdit,org.gjt.sp.jedit.search,ExpandChildTreeNodesAction,Unutilized Abstraction
jEdit,org.gjt.sp.jedit.search,CopyToClipboardAction,Unutilized Abstraction
jEdit,org.gjt.sp.jedit.search,ToStringNodes,Unexploited Encapsulation
jEdit,org.gjt.sp.jedit.search,ToStringNodes,Missing Hierarchy
jEdit,org.gjt.sp.jedit.search,ToStringNodes,Cyclic-Dependent Modularization
jEdit,org.gjt.sp.jedit.search,CollapseChildTreeNodesAction,Unutilized Abstraction
jEdit,org.gjt.sp.jedit.search,RedoSearchAction,Unutilized Abstraction
jEdit,org.gjt.sp.jedit.search,TreeDisplayAction,Unutilized Abstraction
jEdit,org.gjt.sp.jedit.search,GoToNodeAction,Unutilized Abstraction
jEdit,org.gjt.sp.jedit.search,ResultCellRenderer,Unutilized Abstraction
jEdit,org.gjt.sp.jedit.search,ResultCellRenderer,Broken Hierarchy
jEdit,org.gjt.sp.jedit.search,ResultCellRenderer,Missing Hierarchy
jEdit,org.gjt.sp.jedit.search,ResultTreeTransferHandler,Unutilized Abstraction
jEdit,org.gjt.sp.jedit.search,ResultVisitor,Cyclic-Dependent Modularization
jEdit,org.gjt.sp.jedit.search,BufferLoadedVisitor,Unutilized Abstraction
jEdit,org.gjt.sp.jedit.search,BufferClosedVisitor,Unutilized Abstraction
jEdit,org.gjt.sp.jedit.search,TreeNodeCallbackAdapter,Unutilized Abstraction
jEdit,org.gjt.sp.jedit.search,SearchAndReplace,Unexploited Encapsulation
jEdit,org.gjt.sp.jedit.search,SearchAndReplace,Missing Hierarchy
jEdit,org.gjt.sp.jedit.search,SearchAndReplace,Cyclic-Dependent Modularization
jEdit,org.gjt.sp.jedit.search,SearchAndReplace,Insufficient Modularization
jEdit,org.gjt.sp.jedit.search,SearchBar,Cyclic-Dependent Modularization
jEdit,org.gjt.sp.jedit.search,ActionHandler,Unutilized Abstraction
jEdit,org.gjt.sp.jedit.search,DocumentHandler,Unutilized Abstraction
jEdit,org.gjt.sp.jedit.search,KeyHandler,Unutilized Abstraction
jEdit,org.gjt.sp.jedit.search,FocusHandler,Unutilized Abstraction
jEdit,org.gjt.sp.jedit.search,SearchDialog,Unutilized Abstraction
jEdit,org.gjt.sp.jedit.search,SearchDialog,Deficient Encapsulation
jEdit,org.gjt.sp.jedit.search,SearchDialog,Unexploited Encapsulation
jEdit,org.gjt.sp.jedit.search,SearchDialog,Missing Hierarchy
jEdit,org.gjt.sp.jedit.search,SearchDialog,Cyclic-Dependent Modularization
jEdit,org.gjt.sp.jedit.search,SearchDialog,Insufficient Modularization
jEdit,org.gjt.sp.jedit.search,ReplaceActionHandler,Unutilized Abstraction
jEdit,org.gjt.sp.jedit.search,SettingsActionHandler,Unutilized Abstraction
jEdit,org.gjt.sp.jedit.search,MultiFileActionHandler,Unutilized Abstraction
jEdit,org.gjt.sp.jedit.search,ButtonActionHandler,Unutilized Abstraction
jEdit,org.gjt.sp.jedit.search,FocusOrder,Unutilized Abstraction
jEdit,org.gjt.sp.jedit.search,SearchFileSet,Cyclic-Dependent Modularization
jEdit,org.gjt.sp.jedit.search,SearchMatcher,Deficient Encapsulation
jEdit,org.gjt.sp.jedit.search,Match,Deficient Encapsulation
jEdit,org.gjt.sp.jedit.syntax,Chunk,Deficient Encapsulation
jEdit,org.gjt.sp.jedit.syntax,Chunk,Cyclic-Dependent Modularization
jEdit,org.gjt.sp.jedit.syntax,Chunk,Insufficient Modularization
jEdit,org.gjt.sp.jedit.syntax,FontSubstitution,Cyclic-Dependent Modularization
jEdit,org.gjt.sp.jedit.syntax,GlyphKey,Deficient Encapsulation
jEdit,org.gjt.sp.jedit.syntax,DefaultTokenHandler,Cyclic-Dependent Modularization
jEdit,org.gjt.sp.jedit.syntax,DisplayTokenHandler,Deficient Encapsulation
jEdit,org.gjt.sp.jedit.syntax,DisplayTokenHandler,Cyclic-Dependent Modularization
jEdit,org.gjt.sp.jedit.syntax,DisplayTokenHandler,Insufficient Modularization
jEdit,org.gjt.sp.jedit.syntax,LineBreaker,Deficient Encapsulation
jEdit,org.gjt.sp.jedit.syntax,DummyTokenHandler,Deficient Encapsulation
jEdit,org.gjt.sp.jedit.syntax,DummyTokenHandler,Cyclic-Dependent Modularization
jEdit,org.gjt.sp.jedit.syntax,KeywordMap,Deficient Encapsulation
jEdit,org.gjt.sp.jedit.syntax,KeywordMap,Cyclic-Dependent Modularization
jEdit,org.gjt.sp.jedit.syntax,Keyword,Deficient Encapsulation
jEdit,org.gjt.sp.jedit.syntax,ModeProvider,Deficient Encapsulation
jEdit,org.gjt.sp.jedit.syntax,ModeProvider,Cyclic-Dependent Modularization
jEdit,org.gjt.sp.jedit.syntax,ParserRule,Deficient Encapsulation
jEdit,org.gjt.sp.jedit.syntax,ParserRule,Cyclic-Dependent Modularization
jEdit,org.gjt.sp.jedit.syntax,ParserRuleSet,Cyclic-Dependent Modularization
jEdit,org.gjt.sp.jedit.syntax,ParserRuleSet,Insufficient Modularization
jEdit,org.gjt.sp.jedit.syntax,Token,Deficient Encapsulation
jEdit,org.gjt.sp.jedit.syntax,Token,Cyclic-Dependent Modularization
jEdit,org.gjt.sp.jedit.syntax,TokenHandler,Cyclic-Dependent Modularization
jEdit,org.gjt.sp.jedit.syntax,TokenMarker,Deficient Encapsulation
jEdit,org.gjt.sp.jedit.syntax,TokenMarker,Cyclic-Dependent Modularization
jEdit,org.gjt.sp.jedit.syntax,TokenMarker,Insufficient Modularization
jEdit,org.gjt.sp.jedit.syntax,LineContext,Deficient Encapsulation
jEdit,org.gjt.sp.jedit.syntax,XModeHandler,Cyclic-Dependent Modularization
jEdit,org.gjt.sp.jedit.syntax,TagDecl,Deficient Encapsulation
jEdit,org.gjt.sp.jedit.syntax,TagDecl,Cyclic-Dependent Modularization
jEdit,org.gjt.sp.jedit.textarea,Anchor,Unutilized Abstraction
jEdit,org.gjt.sp.jedit.textarea,AntiAlias,Deficient Encapsulation
jEdit,org.gjt.sp.jedit.textarea,BufferHandler,Unutilized Abstraction
jEdit,org.gjt.sp.jedit.textarea,ChunkCache,Cyclic-Dependent Modularization
jEdit,org.gjt.sp.jedit.textarea,LineInfo,Cyclic-Dependent Modularization
jEdit,org.gjt.sp.jedit.textarea,CircleFoldPainter,Unutilized Abstraction
jEdit,org.gjt.sp.jedit.textarea,ColumnBlock,Broken Hierarchy
jEdit,org.gjt.sp.jedit.textarea,ColumnBlock,Cyclic-Dependent Modularization
jEdit,org.gjt.sp.jedit.textarea,ColumnBlock,Insufficient Modularization
jEdit,org.gjt.sp.jedit.textarea,DisplayManager,Cyclic-Dependent Modularization
jEdit,org.gjt.sp.jedit.textarea,DisplayManager,Insufficient Modularization
jEdit,org.gjt.sp.jedit.textarea,ElasticTabStopBufferListener,Unutilized Abstraction
jEdit,org.gjt.sp.jedit.textarea,ElasticTabStopBufferListener,Cyclic-Dependent Modularization
jEdit,org.gjt.sp.jedit.textarea,ElasticTabstopsTabExpander,Cyclic-Dependent Modularization
jEdit,org.gjt.sp.jedit.textarea,ExtensionManager,Unutilized Abstraction
jEdit,org.gjt.sp.jedit.textarea,FirstLine,Unutilized Abstraction
jEdit,org.gjt.sp.jedit.textarea,FoldPainter,Cyclic-Dependent Modularization
jEdit,org.gjt.sp.jedit.textarea,Gutter,Deficient Encapsulation
jEdit,org.gjt.sp.jedit.textarea,Gutter,Cyclic-Dependent Modularization
jEdit,org.gjt.sp.jedit.textarea,Gutter,Insufficient Modularization
jEdit,org.gjt.sp.jedit.textarea,MouseHandler,Unutilized Abstraction
jEdit,org.gjt.sp.jedit.textarea,InputMethodSupport,Unutilized Abstraction
jEdit,org.gjt.sp.jedit.textarea,JEditEmbeddedTextArea,Unutilized Abstraction
jEdit,org.gjt.sp.jedit.textarea,JEditEmbeddedTextArea,Broken Hierarchy
jEdit,org.gjt.sp.jedit.textarea,JEditTextArea,Deficient Encapsulation
jEdit,org.gjt.sp.jedit.textarea,JEditTextArea,Cyclic-Dependent Modularization
jEdit,org.gjt.sp.jedit.textarea,JEditTextArea,Insufficient Modularization
jEdit,org.gjt.sp.jedit.textarea,MouseActions,Unutilized Abstraction
jEdit,org.gjt.sp.jedit.textarea,MouseHandler,Unutilized Abstraction
jEdit,org.gjt.sp.jedit.textarea,RangeMap,Unutilized Abstraction
jEdit,org.gjt.sp.jedit.textarea,ScreenLineManager,Unutilized Abstraction
jEdit,org.gjt.sp.jedit.textarea,ScrollLayout,Deficient Encapsulation
jEdit,org.gjt.sp.jedit.textarea,ScrollLineCount,Unutilized Abstraction
jEdit,org.gjt.sp.jedit.textarea,ScrollListener,Cyclic-Dependent Modularization
jEdit,org.gjt.sp.jedit.textarea,Selection,Cyclic-Dependent Modularization
jEdit,org.gjt.sp.jedit.textarea,Selection,Insufficient Modularization
jEdit,org.gjt.sp.jedit.textarea,Rect,Cyclic-Dependent Modularization
jEdit,org.gjt.sp.jedit.textarea,SelectionManager,Unutilized Abstraction
jEdit,org.gjt.sp.jedit.textarea,SelectionManager,Unexploited Encapsulation
jEdit,org.gjt.sp.jedit.textarea,SelectionManager,Missing Hierarchy
jEdit,org.gjt.sp.jedit.textarea,ShapedFoldPainter,Unutilized Abstraction
jEdit,org.gjt.sp.jedit.textarea,SquareFoldPainter,Unutilized Abstraction
jEdit,org.gjt.sp.jedit.textarea,StandaloneActionSet,Unutilized Abstraction
jEdit,org.gjt.sp.jedit.textarea,StandaloneActionSet,Broken Hierarchy
jEdit,org.gjt.sp.jedit.textarea,StatusListener,Cyclic-Dependent Modularization
jEdit,org.gjt.sp.jedit.textarea,StructureMatcher,Deficient Encapsulation
jEdit,org.gjt.sp.jedit.textarea,StructureMatcher,Cyclic-Dependent Modularization
jEdit,org.gjt.sp.jedit.textarea,BracketMatcher,Unutilized Abstraction
jEdit,org.gjt.sp.jedit.textarea,Match,Deficient Encapsulation
jEdit,org.gjt.sp.jedit.textarea,Match,Cyclic-Dependent Modularization
jEdit,org.gjt.sp.jedit.textarea,Highlight,Unutilized Abstraction
jEdit,org.gjt.sp.jedit.textarea,TextArea,Deficient Encapsulation
jEdit,org.gjt.sp.jedit.textarea,TextArea,Unexploited Encapsulation
jEdit,org.gjt.sp.jedit.textarea,TextArea,Missing Hierarchy
jEdit,org.gjt.sp.jedit.textarea,TextArea,Cyclic-Dependent Modularization
jEdit,org.gjt.sp.jedit.textarea,TextArea,Insufficient Modularization
jEdit,org.gjt.sp.jedit.textarea,TextArea,Hub-like Modularization
jEdit,org.gjt.sp.jedit.textarea,LineCharacterBreaker,Cyclic-Dependent Modularization
jEdit,org.gjt.sp.jedit.textarea,CaretBlinker,Unutilized Abstraction
jEdit,org.gjt.sp.jedit.textarea,AdjustHandler,Unutilized Abstraction
jEdit,org.gjt.sp.jedit.textarea,FocusHandler,Unutilized Abstraction
jEdit,org.gjt.sp.jedit.textarea,MouseWheelHandler,Unutilized Abstraction
jEdit,org.gjt.sp.jedit.textarea,TextAreaBorder,Unutilized Abstraction
jEdit,org.gjt.sp.jedit.textarea,TextAreaDropHandler,Unutilized Abstraction
jEdit,org.gjt.sp.jedit.textarea,TextAreaException,Unutilized Abstraction
jEdit,org.gjt.sp.jedit.textarea,TextAreaMouseHandler,Cyclic-Dependent Modularization
jEdit,org.gjt.sp.jedit.textarea,TextAreaPainter,Deficient Encapsulation
jEdit,org.gjt.sp.jedit.textarea,TextAreaPainter,Cyclic-Dependent Modularization
jEdit,org.gjt.sp.jedit.textarea,TextAreaPainter,Insufficient Modularization
jEdit,org.gjt.sp.jedit.textarea,PaintLineBackground,Unutilized Abstraction
jEdit,org.gjt.sp.jedit.textarea,PaintSelection,Unutilized Abstraction
jEdit,org.gjt.sp.jedit.textarea,PaintSelectionText,Unutilized Abstraction
jEdit,org.gjt.sp.jedit.textarea,PaintWrapGuide,Unutilized Abstraction
jEdit,org.gjt.sp.jedit.textarea,PaintText,Unutilized Abstraction
jEdit,org.gjt.sp.jedit.textarea,TextAreaTransferHandler,Unutilized Abstraction
jEdit,org.gjt.sp.jedit.textarea,TextAreaSelection,Unutilized Abstraction
jEdit,org.gjt.sp.jedit.textarea,DraggedURLLoader,Unutilized Abstraction
jEdit,org.gjt.sp.jedit.textarea,DraggedURLLoader,Broken Hierarchy
jEdit,org.gjt.sp.jedit.textarea,TriangleFoldPainter,Unutilized Abstraction
jEdit,org.gjt.sp.jedit.visitors,JEditVisitor,Cyclic-Dependent Modularization
jEdit,org.gjt.sp.jedit.visitors,JEditVisitorAdapter,Unutilized Abstraction
jEdit,org.gjt.sp.jedit.visitors,SaveCaretInfoVisitor,Unutilized Abstraction
jEdit,org.gjt.sp.util,RunRequestsInAWTThread,Unutilized Abstraction
jEdit,org.gjt.sp.util,EnhancedTreeCellRenderer,Unutilized Abstraction
jEdit,org.gjt.sp.util,GenericGUIUtilities,Cyclic-Dependent Modularization
jEdit,org.gjt.sp.util,GenericGUIUtilities,Insufficient Modularization
jEdit,org.gjt.sp.util,Log,Deficient Encapsulation
jEdit,org.gjt.sp.util,LogPrintStream,Unutilized Abstraction
jEdit,org.gjt.sp.util,LogOutputStream,Unutilized Abstraction
jEdit,org.gjt.sp.util,PropertiesBean,Unutilized Abstraction
jEdit,org.gjt.sp.util,ReverseCharSequence,Unutilized Abstraction
jEdit,org.gjt.sp.util,SegmentCharSequence,Unutilized Abstraction
jEdit,org.gjt.sp.util,StandardUtilities,Deficient Encapsulation
jEdit,org.gjt.sp.util,StandardUtilities,Insufficient Modularization
jEdit,org.gjt.sp.util,StringCompare,Unutilized Abstraction
jEdit,org.gjt.sp.util,SyntaxUtilities,Deficient Encapsulation
jEdit,org.gjt.sp.util,Task,Cyclic-Dependent Modularization
jEdit,org.gjt.sp.util,TaskAdapter,Unutilized Abstraction
jEdit,org.gjt.sp.util,TaskListener,Cyclic-Dependent Modularization
jEdit,org.gjt.sp.util,TaskManager,Deficient Encapsulation
jEdit,org.gjt.sp.util,TaskManager,Cyclic-Dependent Modularization
jEdit,org.gjt.sp.util,TaskVisitor,Cyclic-Dependent Modularization
jEdit,org.gjt.sp.util,MyTask,Unutilized Abstraction
jEdit,org.gjt.sp.util,ThreadAbortMonitor,Unutilized Abstraction
jEdit,org.gjt.sp.util,JEditThreadFactory,Unutilized Abstraction
jEdit,org.jedit.core,FileOpenerService,Unutilized Abstraction
jEdit,org.jedit.io,Native2ASCIIReader,Unutilized Abstraction
jEdit,org.jedit.io,Native2ASCIIEncodingTest,Unutilized Abstraction
jEdit,org.jedit.io,Native2ASCIIEncodingTest,Insufficient Modularization
jEdit,org.jedit.io,ThrottledPushbackReader,Unutilized Abstraction
jEdit,org.jedit.keymap,EmacsUtil,Unutilized Abstraction
jEdit,org.jedit.keymap,EmacsUtil,Insufficient Modularization
jEdit,org.jedit.keymap,KeymapFileFilter,Unutilized Abstraction
jEdit,org.jedit.keymap,KeymapImpl,Unutilized Abstraction
jEdit,org.jedit.migration,CheckFileStatus,Unutilized Abstraction
jEdit,org.jedit.migration,CheckFileStatus,Broken Hierarchy
jEdit,org.jedit.migration,KeymapMigration,Unutilized Abstraction
jEdit,org.jedit.migration,OneTimeMigrationService,Broken Hierarchy
jEdit,org.jedit.migration,OneTimeMigrationService,Cyclic-Dependent Modularization
jEdit,org.jedit.options,CombinedOptions,Unutilized Abstraction
jEdit,org.jedit.options,CombinedOptions,Broken Hierarchy
jEdit,org.jedit.options,GlobalOptionGroup,Broken Hierarchy
jEdit,org.jedit.options,OptionGroupPane,Broken Hierarchy
jEdit,org.jedit.options,PluginOptionGroup,Broken Hierarchy
jEdit,org.jedit.options,NoPluginsPane,Unutilized Abstraction
jEdit,org.jedit.options,NoPluginsPane,Broken Hierarchy
jEdit,org.jedit.options,TabbedOptionDialog,Unutilized Abstraction
jEdit,org.jedit.options,TitleChanger,Unutilized Abstraction
